"TIMESTAMP","RECORD","batt_volt_Min","PTemp","test_uVolt","ablato_mMeter"
"2023-06-13 00:00:00",133,14.04,8.3,1574177,6639
"2023-06-13 03:00:00",134,13.6,5.831,1573191,6635
"2023-06-13 06:00:00",135,13.38,4.665,1572840,6633
"2023-06-13 09:00:00",136,14.11,5.485,1572669,6633
"2023-06-13 12:00:00",137,14.01,5.939,1571714,6628
"2023-06-13 15:00:00",138,13.99,6.396,1569419,6619
"2023-06-13 18:00:00",139,13.96,7.444,1568046,6613
"2023-06-13 21:00:00",140,13.95,7.028,1566684,6607
"2023-06-14 00:00:00",141,14.09,5.268,1565854,6603
"2023-06-14 03:00:00",142,13.69,3.443,1565172,6600
"2023-06-14 06:00:00",143,13.46,2.971,1564688,6598
"2023-06-14 09:00:00",144,13.69,2.587,1564075,6596
"2023-06-14 12:00:00",145,14.08,3.185,1563227,6592
"2023-06-14 15:00:00",146,13.91,6.177,1561358,6584
"2023-06-14 18:00:00",147,13.68,11.02,1558658,6572
"2023-06-14 21:00:00",148,13.92,8.92,1556013,6561
"2023-06-15 00:00:00",149,14.11,7.356,1554760,6556
"2023-06-15 03:00:00",150,13.66,4.923,1554267,6554
"2023-06-15 06:00:00",151,13.44,3.721,1553586,6551
"2023-06-15 09:00:00",152,14.25,2.652,1553510,6550
"2023-06-15 12:00:00",153,14.04,3.807,1552224,6545
"2023-06-15 15:00:00",154,13.59,12.49,1549524,6533
"2023-06-15 18:00:00",155,13.7,13.99,1546559,6521
"2023-06-15 21:00:00",156,13.77,14.18,1544510,6512
"2023-06-16 00:00:00",157,13.83,11.02,1542993,6505
"2023-06-16 03:00:00",158,13.71,5.722,1542636,6504
"2023-06-16 06:00:00",159,13.42,2.162,1542397,6503
"2023-06-16 09:00:00",160,14.21,1.841,1542525,6503
"2023-06-16 12:00:00",161,13.86,6.068,1541489,6499
"2023-06-16 15:00:00",162,13.53,16.59,1538356,6485
"2023-06-16 18:00:00",163,13.4,17.46,1535556,6473
"2023-06-16 21:00:00",164,13.62,13.8,1533150,6463
"2023-06-17 00:00:00",165,13.9,11.24,1531755,6457
"2023-06-17 03:00:00",166,13.75,5.657,1531591,6456
"2023-06-17 06:00:00",167,13.43,2.736,1531356,6455
"2023-06-17 09:00:00",168,14.21,1.755,1531276,6455
"2023-06-17 12:00:00",169,13.9,6.635,1530406,6451
"2023-06-17 15:00:00",170,13.57,14.52,1528170,6442
"2023-06-17 18:00:00",171,13.37,16.64,1524724,6427
"2023-06-17 21:00:00",172,13.53,13.61,1522060,6415
"2023-06-18 00:00:00",173,13.9,11.82,1520272,6408
"2023-06-18 03:00:00",174,13.7,6.33,1519856,6406
"2023-06-18 06:00:00",175,13.4,2.93,1520448,6408
"2023-06-18 09:00:00",176,14.24,1.629,1520027,6407
"2023-06-18 12:00:00",177,13.86,8.44,1518992,6402
"2023-06-18 15:00:00",178,13.55,15.77,1517018,6394
"2023-06-18 18:00:00",179,13.4,16.54,1513878,6380
"2023-06-18 21:00:00",180,13.47,16.27,1511053,6368
"2023-06-19 00:00:00",181,13.86,12.91,1509148,6360
"2023-06-19 03:00:00",182,13.62,7.225,1509452,6361
"2023-06-19 06:00:00",183,13.37,3.655,1509296,6361
"2023-06-19 09:00:00",184,14.24,2.182,1508993,6359
"2023-06-19 12:00:00",185,13.83,9.75,1507584,6353
"2023-06-19 15:00:00",186,13.48,19.21,1506295,6348
"2023-06-19 18:00:00",187,13.29,20.74,1503537,6336
"2023-06-19 21:00:00",188,13.57,18.3,1500850,6324
"2023-06-20 00:00:00",189,13.9,11.91,1499206,6317
"2023-06-20 03:00:00",190,13.69,5.896,1498968,6316
"2023-06-20 06:00:00",191,13.41,1.99,1498891,6316
"2023-06-20 09:00:00",192,14.28,0.393,1499128,6317
"2023-06-20 12:00:00",193,13.86,8.28,1498552,6315
"2023-06-20 15:00:00",194,13.4,20.15,1496768,6307
"2023-06-20 18:00:00",195,13.32,20.56,1494043,6295
"2023-06-20 21:00:00",196,13.7,16.94,1491368,6284
"2023-06-21 00:00:00",197,13.99,10.65,1490549,6280
"2023-06-21 03:00:00",198,13.76,5.722,1490877,6282
"2023-06-21 06:00:00",199,13.44,2.374,1490547,6280
"2023-06-21 09:00:00",200,14.3,0.926,1490028,6278
"2023-06-21 12:00:00",201,13.94,7.006,1489695,6277
"2023-06-21 15:00:00",202,13.81,10.45,1488166,6270
"2023-06-21 18:00:00",203,14.04,7.618,1486969,6265
"2023-06-21 21:00:00",204,14.1,5.182,1486624,6263
"2023-06-22 00:00:00",205,14.11,4.127,1486113,6261
"2023-06-22 03:00:00",206,13.68,2.822,1485681,6259
"2023-06-22 06:00:00",207,13.48,2.033,1485833,6260
"2023-06-22 09:00:00",208,13.61,2.011,1485372,6258
"2023-06-22 12:00:00",209,14.1,2.822,1485003,6256
"2023-06-22 15:00:00",210,13.94,5.397,1484069,6252
"2023-06-22 18:00:00",211,13.98,7.159,1482201,6244
"2023-06-22 21:00:00",212,13.86,8.13,1480838,6239
"2023-06-23 00:00:00",213,14.04,6.656,1479476,6233
"2023-06-23 03:00:00",214,13.65,4.728,1479297,6232
"2023-06-23 06:00:00",215,13.45,3.206,1478648,6229
"2023-06-23 09:00:00",216,13.97,2.844,1478852,6230
"2023-06-23 12:00:00",217,14.02,3.87,1477935,6226
"2023-06-23 15:00:00",218,13.5,13.26,1476435,6220
"2023-06-23 18:00:00",219,13.79,16.51,1473656,6208
"2023-06-23 21:00:00",220,13.86,11.47,1472160,6201
"2023-06-24 00:00:00",221,13.99,8.37,1470617,6195
"2023-06-24 03:00:00",222,13.73,5.031,1470437,6194
"2023-06-24 06:00:00",223,13.45,2.331,1470738,6195
"2023-06-24 09:00:00",224,14.3,1.032,1470257,6193
"2023-06-24 12:00:00",225,13.92,6.156,1469595,6190
"2023-06-24 15:00:00",226,13.5,18.28,1467506,6181
"2023-06-24 18:00:00",227,13.35,17.04,1465249,6172
"2023-06-24 21:00:00",228,13.57,17.21,1462742,6161
"2023-06-25 00:00:00",229,13.92,11.38,1461944,6157
"2023-06-25 03:00:00",230,13.65,6.678,1461079,6154
"2023-06-25 06:00:00",231,13.41,4.365,1461407,6155
"2023-06-25 09:00:00",232,14.18,3.057,1461120,6154
"2023-06-25 12:00:00",233,13.93,6.308,1460030,6149
"2023-06-25 15:00:00",234,13.64,15.65,1458135,6141
"2023-06-25 18:00:00",235,13.79,13.07,1455862,6131
"2023-06-25 21:00:00",236,13.77,11.29,1453771,6122
"2023-06-26 00:00:00",237,13.97,10.18,1452409,6117
"2023-06-26 03:00:00",238,13.64,5.637,1452370,6116
"2023-06-26 06:00:00",239,13.42,2.46,1452283,6116
"2023-06-26 09:00:00",240,14.24,1.629,1451849,6114
"2023-06-26 12:00:00",241,13.92,4.579,1451355,6112
"2023-06-26 15:00:00",242,13.72,11.54,1449685,6105
"2023-06-26 18:00:00",243,13.42,17.89,1446751,6092
"2023-06-26 21:00:00",244,13.66,17.41,1444369,6082
"2023-06-27 00:00:00",245,14.06,8.86,1443992,6080
"2023-06-27 03:00:00",246,13.62,5.765,1443516,6078
"2023-06-27 06:00:00",247,13.42,3.827,1443175,6077
"2023-06-27 09:00:00",248,14.26,2.907,1442740,6075
"2023-06-27 12:00:00",249,13.99,5.009,1441813,6071
"2023-06-27 15:00:00",250,14.06,6.59,1440470,6065
"2023-06-27 18:00:00",251,13.9,9.93,1438788,6058
"2023-06-27 21:00:00",252,13.83,9.79,1436744,6049
"2023-06-28 00:00:00",253,14.1,6.504,1435870,6046
"2023-06-28 03:00:00",254,13.72,4.966,1435678,6045
"2023-06-28 06:00:00",255,13.46,3.463,1434997,6042
"2023-06-28 09:00:00",256,13.42,3.443,1434998,6042
"2023-06-28 12:00:00",257,14.1,3.549,1434657,6040
"2023-06-28 15:00:00",258,13.94,6.59,1433146,6034
"2023-06-28 18:00:00",259,13.94,7.225,1431783,6028
"2023-06-28 21:00:00",260,13.95,7.049,1430421,6022
"2023-06-29 00:00:00",261,13.95,7.774,1429569,6019
"2023-06-29 03:00:00",262,13.79,4.859,1428863,6015
"2023-06-29 06:00:00",263,13.46,3.463,1428181,6013
"2023-06-29 09:00:00",264,14.29,3.099,1428193,6013
"2023-06-29 12:00:00",265,14.08,3.85,1427501,6010
"2023-06-29 15:00:00",266,13.74,9.17,1425679,6002
"2023-06-29 18:00:00",267,13.98,7.839,1424288,5996
"2023-06-29 21:00:00",268,13.59,12.09,1421859,5985
"2023-06-30 00:00:00",269,14.03,8.46,1420530,5980
"2023-06-30 03:00:00",270,13.66,4.514,1420003,5977
"2023-06-30 06:00:00",271,13.44,2.758,1419563,5976
"2023-06-30 09:00:00",272,14.21,2.053,1419536,5975
"2023-06-30 12:00:00",273,13.86,8.23,1418157,5970
"2023-06-30 15:00:00",274,13.52,16.84,1415795,5959
"2023-06-30 18:00:00",275,13.34,16.61,1411959,5943
"2023-06-30 21:00:00",276,13.68,16.02,1409041,5930
"2023-07-01 00:00:00",277,14.03,10.18,1407287,5923
"2023-07-01 03:00:00",278,13.72,5.354,1407053,5922
"2023-07-01 06:00:00",279,13.43,2.119,1406831,5921
"2023-07-01 09:00:00",280,14.24,0.946,1406851,5921
"2023-07-01 12:00:00",281,13.83,7.882,1405893,5917
"2023-07-01 15:00:00",282,13.66,12.53,1404304,5910
"2023-07-01 18:00:00",283,13.38,14.78,1402163,5901
"2023-07-01 21:00:00",284,13.59,16.79,1399465,5889
"2023-07-02 00:00:00",285,13.95,12.05,1398195,5884
"2023-07-02 03:00:00",286,13.72,6.875,1397717,5882
"2023-07-02 06:00:00",287,13.42,3.978,1397512,5881
"2023-07-02 09:00:00",288,14.15,3.292,1396850,5878
"2023-07-02 12:00:00",289,14.05,4.127,1396831,5878
"2023-07-02 15:00:00",290,13.68,10.54,1395198,5871
"2023-07-02 18:00:00",291,13.72,14.68,1393361,5863
"2023-07-02 21:00:00",292,13.75,11.54,1391447,5855
"2023-07-03 00:00:00",293,14.05,7.927,1389541,5847
"2023-07-03 03:00:00",294,13.6,4.708,1389333,5846
"2023-07-03 06:00:00",295,13.41,4.042,1389333,5846
"2023-07-03 09:00:00",296,13.67,3.526,1389333,5846
"2023-07-03 12:00:00",297,13.97,5.051,1388651,5843
"2023-07-03 15:00:00",298,13.68,10.77,1387025,5836
"2023-07-03 18:00:00",299,13.53,14.06,1384511,5825
"2023-07-03 21:00:00",300,13.76,13.61,1381816,5814
"2023-07-04 00:00:00",301,14.01,9.1,1380935,5810
"2023-07-04 03:00:00",302,13.56,6.091,1380844,5809
"2023-07-04 06:00:00",303,13.39,4.557,1380814,5809
"2023-07-04 09:00:00",304,13.58,3.85,1380302,5807
"2023-07-04 12:00:00",305,13.97,5.982,1379546,5804
"2023-07-04 15:00:00",306,13.37,16.36,1377399,5795
"2023-07-04 18:00:00",307,13.33,19.78,1374276,5781
"2023-07-04 21:00:00",308,13.65,15.68,1370660,5766
"2023-07-05 00:00:00",309,13.94,12.58,1368665,5757
"2023-07-05 03:00:00",310,13.63,7.862,1368420,5756
"2023-07-05 06:00:00",311,13.38,4.685,1368205,5755
"2023-07-05 09:00:00",312,14.21,3.271,1368246,5755
"2023-07-05 12:00:00",313,13.81,9.88,1367274,5751
"2023-07-05 15:00:00",314,13.52,16.36,1365568,5744
"2023-07-05 18:00:00",315,13.53,14.8,1363341,5734
"2023-07-05 21:00:00",316,13.7,13.19,1360689,5723
"2023-07-06 00:00:00",317,13.97,10.13,1359100,5716
"2023-07-06 03:00:00",318,13.61,6.547,1358200,5712
"2023-07-06 06:00:00",319,13.4,4.6,1358323,5713
"2023-07-06 09:00:00",320,14.32,4.042,1357982,5711
"2023-07-06 12:00:00",321,13.95,6.59,1357350,5709
"2023-07-06 15:00:00",322,13.7,10.83,1355695,5702
"2023-07-06 18:00:00",323,13.7,11.84,1352745,5689
"2023-07-06 21:00:00",324,13.86,10.11,1350927,5681
"2023-07-07 00:00:00",325,14.02,7.839,1349343,5674
"2023-07-07 03:00:00",326,13.61,5.831,1348891,5672
"2023-07-07 06:00:00",327,13.42,4.365,1349122,5673
"2023-07-07 09:00:00",328,14.3,3.698,1348440,5670
"2023-07-07 12:00:00",329,13.93,5.982,1348321,5670
"2023-07-07 15:00:00",330,13.72,10.04,1346160,5661
"2023-07-07 18:00:00",331,13.66,11.75,1343230,5648
"2023-07-07 21:00:00",332,13.77,11.13,1340541,5637
"2023-07-08 00:00:00",333,13.99,8.83,1338092,5626
"2023-07-08 03:00:00",334,13.61,6.091,1337835,5625
"2023-07-08 06:00:00",335,13.41,4.493,1338217,5627
"2023-07-08 09:00:00",336,14.19,3.807,1337535,5624
"2023-07-08 12:00:00",337,13.9,7.552,1337081,5622
"2023-07-08 15:00:00",338,13.57,13.68,1335164,5613
"2023-07-08 18:00:00",339,13.57,13.73,1332090,5600
"2023-07-08 21:00:00",340,13.74,12.09,1328906,5587
"2023-07-09 00:00:00",341,13.99,9.41,1327090,5579
"2023-07-09 03:00:00",342,13.63,6.701,1326860,5578
"2023-07-09 06:00:00",343,13.41,4.794,1326631,5577
"2023-07-09 09:00:00",344,14.14,4.385,1325949,5574
"2023-07-09 12:00:00",345,13.86,8.68,1325498,5572
"2023-07-09 15:00:00",346,13.64,13.38,1323263,5562
"2023-07-09 18:00:00",347,13.55,14.18,1320510,5551
"2023-07-09 21:00:00",348,13.68,12.42,1317254,5537
"2023-07-10 00:00:00",349,13.91,9.73,1315511,5529
"2023-07-10 03:00:00",350,13.6,6.787,1314596,5525
"2023-07-10 06:00:00",351,13.4,5.614,1314975,5527
"2023-07-10 09:00:00",352,13.68,5.051,1314363,5524
"2023-07-10 12:00:00",353,13.85,8.75,1313212,5519
"2023-07-10 15:00:00",354,13.64,13.12,1310321,5507
"2023-07-10 18:00:00",355,13.53,13.78,1306914,5492
"2023-07-10 21:00:00",356,13.64,12.6,1303214,5476
"2023-07-11 00:00:00",357,13.88,10.97,1300868,5466
"2023-07-11 03:00:00",358,13.57,8.17,1300289,5464
"2023-07-11 06:00:00",359,13.38,6.156,1299685,5461
"2023-07-11 09:00:00",360,14.15,5.614,1299328,5460
"2023-07-11 12:00:00",361,13.86,9.28,1297804,5453
"2023-07-11 15:00:00",362,13.61,14.66,1295290,5442
"2023-07-11 18:00:00",363,13.63,14.09,1291574,5426
"2023-07-11 21:00:00",364,13.7,12.44,1287983,5411
"2023-07-12 00:00:00",365,13.97,9.82,1286225,5403
"2023-07-12 03:00:00",366,13.59,7.137,1285300,5399
"2023-07-12 06:00:00",367,13.4,5.182,1285056,5398
"2023-07-12 09:00:00",368,14.17,4.408,1284545,5396
"2023-07-12 12:00:00",369,13.85,8.23,1283597,5392
"2023-07-12 15:00:00",370,13.56,14.21,1281023,5381
"2023-07-12 18:00:00",371,13.55,15.7,1277195,5365
"2023-07-12 21:00:00",372,13.7,13.28,1273570,5349
"2023-07-13 00:00:00",373,13.88,11.27,1271752,5341
"2023-07-13 03:00:00",374,13.55,9.15,1270560,5336
"2023-07-13 06:00:00",375,13.36,5.808,1270597,5336
"2023-07-13 09:00:00",376,14.21,4.728,1270062,5334
"2023-07-13 12:00:00",377,13.86,8.5,1268949,5329
"2023-07-13 15:00:00",378,13.52,16.56,1266016,5317
"2023-07-13 18:00:00",379,13.49,18.35,1262674,5302
"2023-07-13 21:00:00",380,13.6,17.84,1259952,5291
"2023-07-14 00:00:00",381,13.88,12.05,1258426,5284
"2023-07-14 03:00:00",382,13.54,7.794,1258047,5283
"2023-07-14 06:00:00",383,13.36,5.14,1257794,5281
"2023-07-14 09:00:00",384,13.65,3.999,1257113,5279
"2023-07-14 12:00:00",385,13.97,5.463,1256431,5276
"2023-07-14 15:00:00",386,13.75,9.01,1254335,5267
"2023-07-14 18:00:00",387,13.77,10.29,1252171,5257
"2023-07-14 21:00:00",388,13.8,9.44,1250128,5249
"2023-07-15 00:00:00",389,13.98,8.17,1248168,5240
"2023-07-15 03:00:00",390,13.6,5.548,1247556,5238
"2023-07-15 06:00:00",391,13.41,4.064,1247571,5238
"2023-07-15 09:00:00",392,14.23,3.314,1247572,5238
"2023-07-15 12:00:00",393,13.94,7.399,1246466,5233
"2023-07-15 15:00:00",394,13.7,10.67,1245019,5227
"2023-07-15 18:00:00",395,13.66,12.05,1241743,5213
"2023-07-15 21:00:00",396,13.72,12.63,1238856,5200
"2023-07-16 00:00:00",397,13.94,9.66,1237527,5194
"2023-07-16 03:00:00",398,13.57,6.199,1236977,5192
"2023-07-16 06:00:00",399,13.39,4.622,1236666,5191
"2023-07-16 09:00:00",400,13.79,3.935,1236155,5189
"2023-07-16 12:00:00",401,14.05,4.643,1235985,5188
"2023-07-16 15:00:00",402,13.92,6.57,1234202,5180
"2023-07-16 18:00:00",403,13.75,9.41,1231739,5170
"2023-07-16 21:00:00",404,13.94,8.52,1230096,5163
"2023-07-17 00:00:00",405,14.22,5.722,1229711,5161
"2023-07-17 03:00:00",406,13.6,4.042,1229169,5159
"2023-07-17 06:00:00",407,13.43,3.42,1228488,5156
"2023-07-17 09:00:00",408,13.38,3.357,1228489,5156
"2023-07-17 12:00:00",409,14.03,4.279,1227807,5153
"2023-07-17 15:00:00",410,13.9,6.242,1226049,5145
"2023-07-17 18:00:00",411,13.59,11.75,1222002,5128
"2023-07-17 21:00:00",412,13.66,11.24,1218116,5111
"2023-07-18 00:00:00",413,13.97,8.97,1216073,5102
"2023-07-18 03:00:00",414,13.59,6.222,1215837,5101
"2023-07-18 06:00:00",415,13.42,5.397,1215539,5100
"2023-07-18 09:00:00",416,14.21,4.6,1214857,5097
"2023-07-18 12:00:00",417,13.86,7.882,1213763,5093
"2023-07-18 15:00:00",418,13.68,12.3,1211726,5084
"2023-07-18 18:00:00",419,13.66,12.6,1207499,5066
"2023-07-18 21:00:00",420,13.83,12.37,1204196,5051
"2023-07-19 00:00:00",421,14.15,10.45,1202451,5044
"2023-07-19 03:00:00",422,13.51,8.28,1200817,5037
"2023-07-19 06:00:00",423,13.36,8.33,1198091,5025
"2023-07-19 09:00:00",424,13.26,7.202,1195026,5012
"2023-07-19 12:00:00",425,13.95,7.532,1191960,4999
"2023-07-19 15:00:00",426,13.87,8.83,1187611,4980
"2023-07-19 18:00:00",427,13.81,9.97,1184063,4965
"2023-07-19 21:00:00",428,14.01,7.598,1181740,4955
"2023-07-20 00:00:00",429,14.2,5.68,1180564,4950
"2023-07-20 03:00:00",430,13.59,4.579,1179417,4945
"2023-07-20 06:00:00",431,13.42,3.827,1178735,4942
"2023-07-20 09:00:00",432,13.41,3.807,1178053,4939
"2023-07-20 12:00:00",433,13.95,6.721,1176290,4932
"2023-07-20 15:00:00",434,13.55,14.64,1173237,4919
"2023-07-20 18:00:00",435,13.55,15,1169174,4901
"2023-07-20 21:00:00",436,13.92,11.2,1166510,4890
"2023-07-21 00:00:00",437,13.61,8.23,1165048,4883
"2023-07-21 03:00:00",438,13.54,6.832,1164707,4882
"2023-07-21 06:00:00",439,13.38,4.966,1163741,4878
"2023-07-21 09:00:00",440,13.36,4.042,1162719,4873
"2023-07-21 12:00:00",441,14.06,4.622,1161696,4869
"2023-07-21 15:00:00",442,13.81,8.26,1159257,4859
"2023-07-21 18:00:00",443,13.61,10.77,1154095,4836
"2023-07-21 21:00:00",444,13.91,9.55,1150689,4822
"2023-07-22 00:00:00",445,14.05,6.963,1148526,4813
"2023-07-22 03:00:00",446,13.6,4.514,1148065,4811
"2023-07-22 06:00:00",447,13.42,3.271,1147726,4809
"2023-07-22 09:00:00",448,14.22,3.142,1147397,4808
"2023-07-22 12:00:00",449,13.87,6.396,1146432,4804
"2023-07-22 15:00:00",450,13.65,11.52,1143876,4793
"2023-07-22 18:00:00",451,13.55,13.02,1138763,4771
"2023-07-22 21:00:00",452,13.74,11.18,1134683,4753
"2023-07-23 00:00:00",453,14.03,8.23,1132345,4743
"2023-07-23 03:00:00",454,13.57,6.005,1131447,4739
"2023-07-23 06:00:00",455,13.4,5.377,1131026,4737
"2023-07-23 09:00:00",456,13.62,4.923,1131027,4738
"2023-07-23 12:00:00",457,13.88,7.356,1129620,4731
"2023-07-23 15:00:00",458,13.68,11.06,1126851,4720
"2023-07-23 18:00:00",459,13.64,12.91,1121402,4696
"2023-07-23 21:00:00",460,13.81,10.95,1117827,4681
"2023-07-24 00:00:00",461,14.02,8.72,1114896,4668
"2023-07-24 03:00:00",462,13.58,6.482,1114290,4666
"2023-07-24 06:00:00",463,13.4,5.765,1114505,4667
"2023-07-24 09:00:00",464,14.12,4.88,1113988,4664
"2023-07-24 12:00:00",465,13.86,9.21,1113239,4661
"2023-07-24 15:00:00",466,13.66,12.58,1110161,4648
"2023-07-24 18:00:00",467,13.55,12.86,1105210,4627
"2023-07-24 21:00:00",468,13.83,10.7,1101651,4611
"2023-07-25 00:00:00",469,14.01,8.48,1099965,4604
"2023-07-25 03:00:00",470,13.58,5.96,1099385,4602
"2023-07-25 06:00:00",471,13.41,4.88,1098994,4600
"2023-07-25 09:00:00",472,13.4,4.127,1098312,4597
"2023-07-25 12:00:00",473,14.08,4.021,1097631,4594
"2023-07-25 15:00:00",474,13.99,5.874,1096085,4588
"2023-07-25 18:00:00",475,13.83,10.13,1093478,4576
"2023-07-25 21:00:00",476,13.81,12.16,1090560,4564
"2023-07-26 00:00:00",477,14.13,9.39,1088711,4556
"2023-07-26 03:00:00",478,13.6,5.074,1088771,4556
"2023-07-26 06:00:00",479,13.42,3.206,1088798,4556
"2023-07-26 09:00:00",480,13.62,2.609,1088275,4554
"2023-07-26 12:00:00",481,13.83,10.11,1087861,4552
"2023-07-26 15:00:00",482,13.55,17.87,1084893,4540
"2023-07-26 18:00:00",483,13.4,16.07,1080805,4522
"2023-07-26 21:00:00",484,13.63,14.54,1077404,4507
"2023-07-27 00:00:00",485,14.08,9.59,1075089,4497
"2023-07-27 03:00:00",486,13.57,5.831,1075043,4497
"2023-07-27 06:00:00",487,13.4,3.4,1075140,4498
"2023-07-27 09:00:00",488,13.64,2.395,1075330,4499
"2023-07-27 12:00:00",489,13.99,5.743,1074318,4494
"2023-07-27 15:00:00",490,13.72,10.2,1072365,4486
"2023-07-27 18:00:00",491,13.39,15.85,1068346,4469
"2023-07-27 21:00:00",492,13.68,13.28,1065717,4457
"2023-07-28 00:00:00",493,13.97,9.82,1064873,4454
"2023-07-28 03:00:00",494,13.56,5.982,1064381,4452
"2023-07-28 06:00:00",495,13.39,4.107,1064235,4451
"2023-07-28 09:00:00",496,13.48,5.14,1063554,4448
"2023-07-28 12:00:00",497,13.98,7.006,1062511,4444
"2023-07-28 15:00:00",498,13.79,9.3,1059425,4430
"2023-07-28 18:00:00",499,13.78,10.47,1054997,4411
"2023-07-28 21:00:00",500,13.86,10.61,1051251,4395
"2023-07-29 00:00:00",501,13.95,9.66,1048357,4383
"2023-07-29 03:00:00",502,13.57,8.37,1046840,4376
"2023-07-29 06:00:00",503,13.4,7.641,1044796,4367
"2023-07-29 09:00:00",504,13.52,7.421,1042752,4359
"2023-07-29 12:00:00",505,13.95,8.15,1040367,4348
"2023-07-29 15:00:00",506,13.7,11.61,1035536,4328
"2023-07-29 18:00:00",507,13.77,11.86,1029281,4301
"2023-07-29 21:00:00",508,13.76,11.84,1023153,4275
"2023-07-30 00:00:00",509,13.94,10.02,1019240,4258
"2023-07-30 03:00:00",510,13.56,7.774,1017543,4251
"2023-07-30 06:00:00",511,13.39,6.287,1016521,4246
"2023-07-30 09:00:00",512,13.5,5.291,1015845,4243
"2023-07-30 12:00:00",513,13.77,11.18,1013792,4234
"2023-07-30 15:00:00",514,13.53,17.26,1010888,4222
"2023-07-30 18:00:00",515,13.51,15.21,1006466,4203
"2023-07-30 21:00:00",516,13.44,15.97,1003062,4188
"2023-07-31 00:00:00",517,13.92,12.26,1001343,4181
"2023-07-31 03:00:00",518,13.55,5.851,1000968,4179
"2023-07-31 06:00:00",519,13.38,3.165,1000954,4179
"2023-07-31 09:00:00",520,13.41,1.884,1001179,4180
"2023-07-31 12:00:00",521,14.05,3.85,1000170,4176
"2023-07-31 15:00:00",522,13.83,7.618,998808,4170
"2023-07-31 18:00:00",523,13.42,13.8,995422,4156
"2023-07-31 21:00:00",524,13.59,13.3,991682,4140
"2023-08-01 00:00:00",525,13.96,8.68,990820,4136
"2023-08-01 03:00:00",526,13.59,4.536,990628,4135
"2023-08-01 06:00:00",527,13.42,2.587,990797,4136
"2023-08-01 09:00:00",528,13.44,1.649,990966,4137
"2023-08-01 12:00:00",529,13.94,5.68,990629,4135
"2023-08-01 15:00:00",530,13.33,19.86,988091,4124
"2023-08-01 18:00:00",531,13.37,19.02,985028,4111
"2023-08-01 21:00:00",532,13.57,14.95,982680,4101
"2023-08-02 00:00:00",533,13.92,10.06,981780,4097
"2023-08-02 03:00:00",534,13.58,5.16,981768,4097
"2023-08-02 06:00:00",535,13.41,3.526,981086,4094
"2023-08-02 09:00:00",536,13.45,2.95,981216,4095
"2023-08-02 12:00:00",537,13.85,8.02,980753,4093
"2023-08-02 15:00:00",538,13.54,14.64,979404,4087
"2023-08-02 18:00:00",539,13.38,16.49,976593,4075
"2023-08-02 21:00:00",540,13.52,17.24,973800,4063
"2023-08-03 00:00:00",541,13.91,13,972634,4058
"2023-08-03 03:00:00",542,13.53,6.59,972586,4058
"2023-08-03 06:00:00",543,13.36,4.299,972908,4059
"2023-08-03 09:00:00",544,13.34,2.95,972371,4057
"2023-08-03 12:00:00",545,14.02,4.279,972227,4056
"2023-08-03 15:00:00",546,13.68,9.06,971214,4052
"2023-08-03 18:00:00",547,13.53,13.75,968191,4039
"2023-08-03 21:00:00",548,13.72,12.6,965828,4029
"2023-08-04 00:00:00",549,13.88,10.88,964413,4023
"2023-08-04 03:00:00",550,13.54,6.33,964405,4023
"2023-08-04 06:00:00",551,13.38,4.536,964048,4021
"2023-08-04 09:00:00",552,13.3,3.612,964048,4021
"2023-08-04 12:00:00",553,14.05,4.17,963708,4020
"2023-08-04 15:00:00",554,13.56,14.75,962383,4014
"2023-08-04 18:00:00",555,13.68,13.47,960357,4005
"2023-08-04 21:00:00",556,13.79,12.98,958980,3999
"2023-08-05 00:00:00",557,14.04,8.55,958267,3996
"2023-08-05 03:00:00",558,13.56,5.637,957911,3995
"2023-08-05 06:00:00",559,13.4,3.612,957743,3994
"2023-08-05 09:00:00",560,13.32,2.652,957395,3992
"2023-08-05 12:00:00",561,13.92,6.025,957222,3992
"2023-08-05 15:00:00",562,13.48,16.24,955341,3984
"2023-08-05 18:00:00",563,13.57,17.56,952705,3972
"2023-08-05 21:00:00",564,13.33,18.2,950323,3962
"2023-08-06 00:00:00",565,13.9,13.52,949478,3958
"2023-08-06 03:00:00",566,13.55,6.504,949418,3958
"2023-08-06 06:00:00",567,13.38,3.271,949158,3957
"2023-08-06 09:00:00",568,13.3,2.395,949217,3957
"2023-08-06 12:00:00",569,14.05,3.807,949054,3957
"2023-08-06 15:00:00",570,13.64,10.18,947727,3951
"2023-08-06 18:00:00",571,13.31,18.66,945559,3942
"2023-08-06 21:00:00",572,13.38,17.66,943178,3931
"2023-08-07 00:00:00",573,13.9,12.12,942279,3928
"2023-08-07 03:00:00",574,13.57,4.859,942238,3927
"2023-08-07 06:00:00",575,13.4,2.395,942415,3928
"2023-08-07 09:00:00",576,13.33,2.139,942450,3928
"2023-08-07 12:00:00",577,13.94,6.439,941991,3926
"2023-08-07 15:00:00",578,13.37,18.07,941136,3923
"2023-08-07 18:00:00",579,13.29,18.51,939095,3914
"2023-08-07 21:00:00",580,13.45,16.64,937137,3906
"2023-08-08 00:00:00",581,13.97,11.79,935989,3901
"2023-08-08 03:00:00",582,13.55,5.874,936079,3901
"2023-08-08 06:00:00",583,13.39,3.526,935763,3900
"2023-08-08 09:00:00",584,13.28,2.417,935602,3899
"2023-08-08 12:00:00",585,14.08,3.122,935557,3899
"2023-08-08 15:00:00",586,13.35,15.92,934329,3893
"2023-08-08 18:00:00",587,13.32,19.31,932290,3885
"2023-08-08 21:00:00",588,13.53,16.56,929935,3875
"2023-08-09 00:00:00",589,14.08,10,929337,3872
"2023-08-09 03:00:00",590,13.55,5.117,929289,3872
"2023-08-09 06:00:00",591,13.39,3.228,929133,3871
"2023-08-09 09:00:00",592,13.31,2.993,928735,3869
"2023-08-09 12:00:00",593,13.94,6.635,928632,3869
"2023-08-09 15:00:00",594,13.57,12.72,927477,3864
"2023-08-09 18:00:00",595,13.32,17.87,925144,3854
"2023-08-09 21:00:00",596,13.81,13.45,922920,3845
"2023-08-10 00:00:00",597,14.08,7.751,922500,3843
"2023-08-10 03:00:00",598,13.58,4.665,922473,3843
"2023-08-10 06:00:00",599,13.42,2.566,922631,3843
"2023-08-10 09:00:00",600,13.33,1.884,922445,3842
"2023-08-10 12:00:00",601,13.84,7.51,921819,3840
"2023-08-10 15:00:00",602,13.44,17.97,920381,3834
"2023-08-10 18:00:00",603,13.38,18.25,918680,3826
"2023-08-10 21:00:00",604,13.49,17.31,915447,3812
"2023-08-11 00:00:00",605,13.91,12.14,914877,3810
"2023-08-11 03:00:00",606,13.54,5.591,914636,3809
"2023-08-11 06:00:00",607,13.37,3.165,914375,3808
"2023-08-11 09:00:00",608,13.27,2.523,914111,3807
"2023-08-11 12:00:00",609,13.86,7.137,913644,3805
"2023-08-11 15:00:00",610,13.55,15.29,912206,3799
"2023-08-11 18:00:00",611,13.42,16.94,910177,3790
"2023-08-11 21:00:00",612,13.66,12.93,907240,3777
"2023-08-12 00:00:00",613,14,8.7,906117,3772
"2023-08-12 03:00:00",614,13.56,4.665,905775,3771
"2023-08-12 06:00:00",615,13.4,3.334,905435,3770
"2023-08-12 09:00:00",616,13.3,2.609,905589,3770
"2023-08-12 12:00:00",617,13.9,7.399,905127,3768
"2023-08-12 15:00:00",618,13.8,10.52,904137,3764
"2023-08-12 18:00:00",619,13.48,14.44,902468,3757
"2023-08-12 21:00:00",620,13.61,12.3,900236,3747
"2023-08-13 00:00:00",621,14.02,8.61,899305,3743
"2023-08-13 03:00:00",622,13.56,4.6,899301,3743
"2023-08-13 06:00:00",623,13.41,3.655,899301,3743
"2023-08-13 09:00:00",624,13.31,3.292,898620,3740
"2023-08-13 12:00:00",625,13.99,5.203,898620,3740
"2023-08-13 15:00:00",626,13.63,12.93,896727,3732
"2023-08-13 18:00:00",627,13.28,19.76,894522,3723
"2023-08-13 21:00:00",628,13.79,13.45,892949,3716
"2023-08-14 00:00:00",629,14.01,8.26,892351,3713
"2023-08-14 03:00:00",630,13.55,4.966,892144,3712
"2023-08-14 06:00:00",631,13.39,3.612,891804,3711
"2023-08-14 09:00:00",632,13.26,3.122,891846,3711
"2023-08-14 12:00:00",633,14.06,3.655,891123,3708
"2023-08-14 15:00:00",634,13.63,10.61,890175,3704
"2023-08-14 18:00:00",635,13.48,15.55,888335,3696
"2023-08-14 21:00:00",636,13.85,11.96,886959,3690
"2023-08-15 00:00:00",637,14.03,8.66,886324,3688
"2023-08-15 03:00:00",638,13.56,4.665,886351,3688
"2023-08-15 06:00:00",639,13.4,3.463,885670,3685
"2023-08-15 09:00:00",640,13.28,2.523,885821,3685
"2023-08-15 12:00:00",641,14.05,3.526,884999,3682
"2023-08-15 15:00:00",642,13.32,18.46,884314,3679
"2023-08-15 18:00:00",643,13.35,18.82,882783,3672
"2023-08-15 21:00:00",644,13.62,13.85,880681,3663
"2023-08-16 00:00:00",645,14.11,9.52,879959,3660
"2023-08-16 03:00:00",646,13.56,4.622,880217,3661
"2023-08-16 06:00:00",647,13.4,2.822,879686,3659
"2023-08-16 09:00:00",648,13.28,1.821,879836,3660
"2023-08-16 12:00:00",649,13.86,7.575,879918,3660
"2023-08-16 15:00:00",650,13.68,11.49,878937,3656
"2023-08-16 18:00:00",651,13.35,16.54,877172,3648
"2023-08-16 21:00:00",652,13.61,13.64,876596,3646
"2023-08-17 00:00:00",653,14.21,8.7,876066,3643
"2023-08-17 03:00:00",654,13.55,4.084,876128,3644
"2023-08-17 06:00:00",655,13.39,2.503,876107,3644
"2023-08-17 09:00:00",656,13.26,2.119,875660,3642
"2023-08-17 12:00:00",657,14.08,3.721,875447,3641
"2023-08-17 15:00:00",658,13.62,12.28,875042,3639
"2023-08-17 18:00:00",659,13.4,15.43,874404,3636
"2023-08-17 21:00:00",660,13.67,14.32,873181,3631
"2023-08-18 00:00:00",661,14.02,8.37,873104,3631
"2023-08-18 03:00:00",662,13.54,4.902,873402,3632
"2023-08-18 06:00:00",663,13.39,3.87,872720,3629
"2023-08-18 09:00:00",664,13.25,3.249,872553,3628
"2023-08-18 12:00:00",665,14.15,2.907,872179,3627
"2023-08-18 15:00:00",666,13.94,4.794,872039,3626
"2023-08-18 18:00:00",667,13.38,14.01,871152,3622
"2023-08-18 21:00:00",668,13.59,13.54,869127,3614
"2023-08-19 00:00:00",669,14.08,8.86,868052,3609
"2023-08-19 03:00:00",670,13.54,3.913,868290,3610
"2023-08-19 06:00:00",671,13.38,2.162,868147,3610
"2023-08-19 09:00:00",672,13.25,1.159,868246,3610
"2023-08-19 12:00:00",673,13.93,6.656,868137,3609
"2023-08-19 15:00:00",674,13.59,15.04,867301,3606
"2023-08-19 18:00:00",675,13.37,17.92,865941,3600
"2023-08-19 21:00:00",676,13.53,15.12,863852,3591
"2023-08-20 00:00:00",677,13.99,9.97,863272,3589
"2023-08-20 03:00:00",678,13.54,4.923,863519,3590
"2023-08-20 06:00:00",679,13.38,3.122,863262,3589
"2023-08-20 09:00:00",680,13.25,2.758,863326,3589
"2023-08-20 12:00:00",681,14.03,4.451,862839,3587
"2023-08-20 15:00:00",682,13.63,13.23,861620,3582
"2023-08-20 18:00:00",683,13.46,16.61,859148,3571
"2023-08-20 21:00:00",684,13.58,15.97,857037,3562
"2023-08-21 00:00:00",685,14.06,11.36,856090,3558
"2023-08-21 03:00:00",686,13.55,5.485,856363,3559
"2023-08-21 06:00:00",687,13.39,3.443,855682,3556
"2023-08-21 09:00:00",688,13.26,2.374,855839,3557
"2023-08-21 12:00:00",689,14.1,4.945,855342,3555
"2023-08-21 15:00:00",690,13.81,13.35,853449,3546
"2023-08-21 18:00:00",691,13.46,21.59,849822,3531
"2023-08-21 21:00:00",692,13.48,20.93,847564,3521
"2023-08-22 00:00:00",693,14,13.73,846653,3517
"2023-08-22 03:00:00",694,13.54,6.373,846237,3515
"2023-08-22 06:00:00",695,13.38,3.913,846140,3515
"2023-08-22 09:00:00",696,13.25,4.685,846140,3515
"2023-08-22 12:00:00",697,14.04,6.547,845171,3511
"2023-08-22 15:00:00",698,13.91,9.55,843351,3503
"2023-08-22 18:00:00",699,13.99,9.08,841818,3497
"2023-08-22 21:00:00",700,13.97,8.97,840474,3491
"2023-08-23 00:00:00",701,13.87,8.75,838854,3484
"2023-08-23 03:00:00",702,13.51,8.3,838357,3482
"2023-08-23 06:00:00",703,13.36,7.993,837676,3479
"2023-08-23 09:00:00",704,13.24,5.14,837280,3477
"2023-08-23 12:00:00",705,14.3,4.299,836939,3476
"2023-08-23 15:00:00",706,14.21,5.591,835895,3471
"2023-08-23 18:00:00",707,14.07,5.506,835223,3468
"2023-08-23 21:00:00",708,14.05,5.7,833818,3462
"2023-08-24 00:00:00",709,14.09,5.291,833191,3460
"2023-08-24 03:00:00",710,13.57,3.978,832850,3458
"2023-08-24 06:00:00",711,13.42,3.377,831828,3454
"2023-08-24 09:00:00",712,13.29,3.185,831836,3454
"2023-08-24 12:00:00",713,14.15,3.87,831487,3452
"2023-08-24 15:00:00",714,13.83,6.832,829502,3444
"2023-08-24 18:00:00",715,13.83,10.79,826494,3431
"2023-08-24 21:00:00",716,13.83,9.95,824450,3422
"2023-08-25 00:00:00",717,14.04,6.983,823709,3419
"2023-08-25 03:00:00",718,13.58,4.622,822967,3416
"2023-08-25 06:00:00",719,13.42,3.784,822967,3416
"2023-08-25 09:00:00",720,13.29,3.377,822286,3413
"2023-08-25 12:00:00",721,14.1,3.463,821946,3411
"2023-08-25 15:00:00",722,13.92,5.874,820143,3404
"2023-08-25 18:00:00",723,13.55,13.45,816696,3389
"2023-08-25 21:00:00",724,13.59,14.92,814329,3379
"2023-08-26 00:00:00",725,14.03,10.7,813553,3375
"2023-08-26 03:00:00",726,13.57,6.287,813162,3374
"2023-08-26 06:00:00",727,13.41,4.794,812744,3372
"2023-08-26 09:00:00",728,13.28,3.784,812063,3369
"2023-08-26 12:00:00",729,14.15,3.185,812082,3369
"2023-08-26 15:00:00",730,13.99,5.246,811211,3365
"2023-08-26 18:00:00",731,13.61,12.56,809139,3356
"2023-08-26 21:00:00",732,13.77,14.18,806467,3345
"2023-08-27 00:00:00",733,14.11,9.12,806061,3343
"2023-08-27 03:00:00",734,13.56,5.657,805917,3342
"2023-08-27 06:00:00",735,13.4,4.342,805588,3341
"2023-08-27 09:00:00",736,13.27,3.526,805247,3340
"2023-08-27 12:00:00",737,14.12,2.993,804865,3338
"2023-08-27 15:00:00",738,13.63,14.06,803078,3330
"2023-08-27 18:00:00",739,13.33,22.59,800000,3317
"2023-08-27 21:00:00",740,13.42,21.34,797308,3306
"2023-08-28 00:00:00",741,14.18,9.97,797207,3305
"2023-08-28 03:00:00",742,13.56,4.342,797069,3305
"2023-08-28 06:00:00",743,13.4,2.822,797205,3305
"2023-08-28 09:00:00",744,13.27,2.245,796878,3304
"2023-08-28 12:00:00",745,14.08,3.978,796389,3302
"2023-08-28 15:00:00",746,13.83,11.79,795111,3296
"2023-08-28 18:00:00",747,13.48,19.26,792446,3285
"2023-08-28 21:00:00",748,13.81,13.85,790813,3278
"2023-08-29 00:00:00",749,14.06,7.333,790665,3277
"2023-08-29 03:00:00",750,13.58,4.064,790253,3275
"2023-08-29 06:00:00",751,13.43,2.417,790388,3276
"2023-08-29 09:00:00",752,13.29,2.395,790047,3274
"2023-08-29 12:00:00",753,14.08,3.079,789695,3273
"2023-08-29 15:00:00",754,13.94,6.613,788622,3268
"2023-08-29 18:00:00",755,13.79,11.11,786991,3261
"2023-08-29 21:00:00",756,13.9,9.88,785629,3255
"2023-08-30 00:00:00",757,14.14,6.524,785215,3254
"2023-08-30 03:00:00",758,13.57,3.612,785142,3253
"2023-08-30 06:00:00",759,13.43,2.801,784935,3252
"2023-08-30 09:00:00",760,13.3,1.798,785068,3253
"2023-08-30 12:00:00",761,14.14,2.907,784253,3250
"2023-08-30 15:00:00",762,13.88,9.75,782906,3244
"2023-08-30 18:00:00",763,13.75,18.02,779857,3231
"2023-08-30 21:00:00",764,13.9,12.51,778645,3225
"2023-08-31 00:00:00",765,13.7,7.487,778402,3224
"2023-08-31 03:00:00",766,13.51,4.643,778326,3224
"2023-08-31 06:00:00",767,13.37,4.107,777985,3223
"2023-08-31 09:00:00",768,13.24,3.569,777474,3220
"2023-08-31 12:00:00",769,14.11,3.506,776964,3218
"2023-08-31 15:00:00",770,13.88,8.23,776358,3216
"2023-08-31 18:00:00",771,13.85,15.21,773993,3205
"2023-08-31 21:00:00",772,13.99,9.37,773029,3201
"2023-09-01 00:00:00",773,13.74,5.42,772533,3199
"2023-09-01 03:00:00",774,13.55,4.299,772363,3199
"2023-09-01 06:00:00",775,13.4,4.493,771851,3196
"2023-09-01 09:00:00",776,13.27,5.097,770488,3190
"2023-09-01 12:00:00",777,14.03,6.005,769903,3188
"2023-09-01 15:00:00",778,14.07,5.657,769392,3186
"2023-09-01 18:00:00",779,13.92,7.114,768182,3181
"2023-09-01 21:00:00",780,13.91,9.19,766559,3174
"2023-09-02 00:00:00",781,13.76,5.982,766835,3175
"2023-09-02 03:00:00",782,13.55,3.228,766059,3171
"2023-09-02 06:00:00",783,13.4,2.245,765855,3171
"2023-09-02 09:00:00",784,13.27,1.861,765954,3171
"2023-09-02 12:00:00",785,14.17,1.755,765284,3168
"2023-09-02 15:00:00",786,14.06,3.357,764355,3164
"2023-09-02 18:00:00",787,13.95,7.575,762732,3157
"2023-09-02 21:00:00",788,13.94,10.13,760769,3149
"2023-09-03 00:00:00",789,14.2,6.57,760006,3145
"2023-09-03 03:00:00",790,13.59,2.971,760387,3147
"2023-09-03 06:00:00",791,13.44,1.649,760524,3148
"2023-09-03 09:00:00",792,13.31,0.734,760524,3148
"2023-09-03 12:00:00",793,14.19,0.883,760525,3148
"2023-09-03 15:00:00",794,13.99,5.377,759243,3142
"2023-09-03 18:00:00",795,13.85,12.09,756217,3129
"2023-09-03 21:00:00",796,13.61,20.1,755018,3124
"2023-09-04 00:00:00",797,14.2,12.95,754726,3123
"2023-09-04 03:00:00",798,13.58,3.014,754941,3124
"2023-09-04 06:00:00",799,13.43,0.542,754856,3123
"2023-09-04 09:00:00",800,13.3,-0.5,754576,3122
"2023-09-04 12:00:00",801,14.17,0.138,754522,3122
"2023-09-04 15:00:00",802,14.04,4.279,754132,3120
"2023-09-04 18:00:00",803,14.06,4.751,754132,3120
"2023-09-04 21:00:00",804,14.29,3.935,753791,3119
"2023-09-05 00:00:00",805,13.82,2.844,753575,3118
"2023-09-05 03:00:00",806,13.6,2.331,752897,3115
"2023-09-05 06:00:00",807,13.45,2.331,752897,3115
"2023-09-05 09:00:00",808,13.32,2.523,752385,3113
"2023-09-05 12:00:00",809,14.23,3.122,752155,3112
"2023-09-05 15:00:00",810,14.05,4.794,752087,3112
"2023-09-05 18:00:00",811,14.04,5.334,751065,3107
"2023-09-05 21:00:00",812,14.29,5.657,750432,3104
"2023-09-06 00:00:00",813,13.76,3.784,750042,3103
"2023-09-06 03:00:00",814,13.57,2.887,749820,3102
"2023-09-06 06:00:00",815,13.42,3.357,749361,3100
"2023-09-06 09:00:00",816,13.3,3.142,749375,3100
"2023-09-06 12:00:00",817,14.15,2.652,748806,3097
"2023-09-06 15:00:00",818,13.9,6.897,747743,3093
"2023-09-06 18:00:00",819,14.01,6.875,747062,3090
"2023-09-06 21:00:00",820,13.92,8.92,745825,3085
"2023-09-07 00:00:00",821,13.81,4.988,745953,3085
"2023-09-07 03:00:00",822,13.59,2.865,745394,3083
"2023-09-07 06:00:00",823,13.44,2.374,745398,3083
"2023-09-07 09:00:00",824,13.31,2.076,745240,3082
"2023-09-07 12:00:00",825,14.26,2.076,744736,3080
"2023-09-07 15:00:00",826,14.1,3.271,744590,3079
"2023-09-07 18:00:00",827,14.06,4.299,743909,3076
"2023-09-07 21:00:00",828,13.97,8.33,742844,3072
"2023-09-08 00:00:00",829,13.87,4.622,742545,3071
"2023-09-08 03:00:00",830,13.6,2.203,742672,3071
"2023-09-08 06:00:00",831,13.45,0.097,742570,3071
"2023-09-08 09:00:00",832,13.32,-1.096,742291,3069
"2023-09-08 12:00:00",833,14.23,-0.563,742301,3070
"2023-09-08 15:00:00",834,13.98,6.547,741278,3065
"2023-09-08 18:00:00",835,13.83,17.84,739367,3057
"2023-09-08 21:00:00",836,13.76,20.83,738222,3052
"2023-09-09 00:00:00",837,13.89,9.68,737953,3051
"2023-09-09 03:00:00",838,13.59,2.438,737919,3051
"2023-09-09 06:00:00",839,13.44,0.031,738221,3052
"2023-09-09 09:00:00",840,13.31,-1.268,737931,3051
"2023-09-09 12:00:00",841,14.31,-1.758,737937,3051
"2023-09-09 15:00:00",842,13.95,7.311,737353,3048
"2023-09-09 18:00:00",843,13.79,18.84,735964,3042
"2023-09-09 21:00:00",844,13.83,18.61,734603,3036
"2023-09-10 00:00:00",845,13.89,9.52,734547,3036
"2023-09-10 03:00:00",846,13.59,3.036,734492,3036
"2023-09-10 06:00:00",847,13.44,0.33,734742,3037
"2023-09-10 09:00:00",848,13.3,-0.35,734812,3037
"2023-09-10 12:00:00",849,14.26,-0.201,734772,3037
"2023-09-10 15:00:00",850,13.98,6.875,733435,3031
"2023-09-10 18:00:00",851,13.85,15.12,732471,3027
"2023-09-10 21:00:00",852,13.94,11.4,731813,3025
"2023-09-11 00:00:00",853,13.79,5.896,731481,3023
"2023-09-11 03:00:00",854,13.58,1.97,731879,3025
"2023-09-11 06:00:00",855,13.43,0.757,731378,3023
"2023-09-11 09:00:00",856,13.3,-0.436,731404,3023
"2023-09-11 12:00:00",857,14.19,0.266,731321,3022
"2023-09-11 15:00:00",858,13.96,5.311,730959,3021
"2023-09-11 18:00:00",859,13.72,16.07,729736,3016
"2023-09-11 21:00:00",860,13.66,18.56,728989,3012
"2023-09-12 00:00:00",861,13.8,7.862,728666,3011
"2023-09-12 03:00:00",862,13.58,3.314,728990,3012
"2023-09-12 06:00:00",863,13.43,2.011,728808,3012
"2023-09-12 09:00:00",864,13.3,1.457,728481,3010
"2023-09-12 12:00:00",865,14.18,1.308,728481,3010
"2023-09-12 15:00:00",866,13.88,8.41,727644,3007
"2023-09-12 18:00:00",867,13.66,20.69,726437,3001
"2023-09-12 21:00:00",868,13.42,27.25,725603,2998
"2023-09-13 00:00:00",869,13.8,9.71,725353,2997
"2023-09-13 03:00:00",870,13.58,2.395,725369,2997
"2023-09-13 06:00:00",871,13.43,0.266,725207,2996
"2023-09-13 09:00:00",872,13.3,-1.202,725314,2997
"2023-09-13 12:00:00",873,14.29,-1.311,725319,2997
"2023-09-13 15:00:00",874,13.89,7.532,724578,2993
"2023-09-13 18:00:00",875,13.76,19.68,723715,2990
"2023-09-13 21:00:00",876,13.53,23.32,723127,2987
"2023-09-14 00:00:00",877,13.81,10.52,722969,2987
"2023-09-14 03:00:00",878,13.59,3.698,722821,2986
"2023-09-14 06:00:00",879,13.44,0.797,723117,2987
"2023-09-14 09:00:00",880,13.31,0.648,723054,2987
"2023-09-14 12:00:00",881,14.21,1.138,723027,2987
"2023-09-14 15:00:00",882,14.08,3.612,722440,2984
"2023-09-14 18:00:00",883,14.1,3.85,722099,2983
"2023-09-14 21:00:00",884,14.23,3.079,722192,2983
"2023-09-15 00:00:00",885,13.76,2.162,721892,2982
"2023-09-15 03:00:00",886,13.58,1.586,721663,2981
"2023-09-15 06:00:00",887,13.43,0.926,721663,2981
"2023-09-15 09:00:00",888,13.31,1.457,721663,2981
"2023-09-15 12:00:00",889,14.22,2.736,721540,2980
"2023-09-15 15:00:00",890,14.03,4.514,720736,2977
"2023-09-15 18:00:00",891,14.09,4.794,720736,2977
"2023-09-15 21:00:00",892,14.2,3.913,720225,2975
"2023-09-16 00:00:00",893,13.77,3.655,720054,2974
"2023-09-16 03:00:00",894,13.58,3.206,719732,2973
"2023-09-16 06:00:00",895,13.44,2.566,719495,2972
"2023-09-16 09:00:00",896,13.3,2.48,719495,2972
"2023-09-16 12:00:00",897,14.26,2.119,718828,2969
"2023-09-16 15:00:00",898,14.03,3.185,718110,2966
"2023-09-16 18:00:00",899,13.83,9.5,716839,2960
"2023-09-16 21:00:00",900,14.1,6.94,715891,2956
"2023-09-17 00:00:00",901,13.77,3.206,715990,2957
"2023-09-17 03:00:00",902,13.58,1.032,715527,2955
"2023-09-17 06:00:00",903,13.44,-0.82,715670,2955
"2023-09-17 09:00:00",904,13.31,-2.314,715824,2956
"2023-09-17 12:00:00",905,14.41,-2.698,715893,2956
"2023-09-17 15:00:00",906,13.81,6.373,715199,2953
"2023-09-17 18:00:00",907,13.63,18.84,714188,2949
"2023-09-17 21:00:00",908,13.7,23.78,713916,2948
"2023-09-18 00:00:00",909,13.81,8.63,713937,2948
"2023-09-18 03:00:00",910,13.59,0.671,714115,2949
"2023-09-18 06:00:00",911,13.44,-0.563,713824,2947
"2023-09-18 09:00:00",912,13.31,-1.268,713700,2947
"2023-09-18 12:00:00",913,14.47,-1.119,713664,2947
"2023-09-18 15:00:00",914,13.84,7.399,713677,2947
"2023-09-18 18:00:00",915,13.57,19.02,712827,2943
"2023-09-18 21:00:00",916,13.67,23.47,711894,2939
"2023-09-19 00:00:00",917,13.79,9.08,711761,2938
"2023-09-19 03:00:00",918,13.58,1.712,712118,2940
"2023-09-19 06:00:00",919,13.43,0.565,711871,2939
"2023-09-19 09:00:00",920,13.3,-0.479,711772,2939
"2023-09-19 12:00:00",921,14.28,-1.096,711646,2938
"2023-09-19 15:00:00",922,13.94,4.493,711365,2937
"2023-09-19 18:00:00",923,13.7,15.17,710436,2933
"2023-09-19 21:00:00",924,13.76,19.55,709935,2931
"2023-09-20 00:00:00",925,13.78,8.04,709927,2931
"2023-09-20 03:00:00",926,13.57,1.904,709902,2930
"2023-09-20 06:00:00",927,13.43,0.309,709853,2930
"2023-09-20 09:00:00",928,13.29,0.011,709866,2930
"2023-09-20 12:00:00",929,14.24,0.031,709866,2930
"2023-09-20 15:00:00",930,14.06,3.463,709159,2927
"2023-09-20 18:00:00",931,13.99,6.048,708620,2925
"2023-09-20 21:00:00",932,14.05,5.896,708316,2924
"2023-09-21 00:00:00",933,13.76,3.292,708471,2924
"2023-09-21 03:00:00",934,13.58,1.012,708027,2922
"2023-09-21 06:00:00",935,13.44,0.522,708040,2923
"2023-09-21 09:00:00",936,13.3,0.266,708110,2923
"2023-09-21 12:00:00",937,14.17,0.246,708129,2923
"2023-09-21 15:00:00",938,13.94,4.17,707616,2921
"2023-09-21 18:00:00",939,13.9,7.641,706864,2917
"2023-09-21 21:00:00",940,14.13,5.117,706423,2916
"2023-09-22 00:00:00",941,13.75,2.46,706543,2916
"2023-09-22 03:00:00",942,13.57,1.181,706323,2915
"2023-09-22 06:00:00",943,13.43,0.671,706323,2915
"2023-09-22 09:00:00",944,13.3,0.458,706032,2914
"2023-09-22 12:00:00",945,14.11,0.373,706043,2914
"2023-09-22 15:00:00",946,14.12,2.119,705908,2913
"2023-09-22 18:00:00",947,13.99,4.923,705742,2913
"2023-09-22 21:00:00",948,14.09,5.354,705740,2913
"2023-09-23 00:00:00",949,13.77,2.695,705180,2910
"2023-09-23 03:00:00",950,13.59,1.735,705285,2911
"2023-09-23 06:00:00",951,13.44,0.926,705300,2911
"2023-09-23 09:00:00",952,13.31,0.203,705405,2911
"2023-09-23 12:00:00",953,14.28,0.84,705300,2911
"2023-09-23 15:00:00",954,14.12,2.374,705010,2909
"2023-09-23 18:00:00",955,14.06,4.042,704379,2907
"2023-09-23 21:00:00",956,14.08,4.6,704038,2905
"2023-09-24 00:00:00",957,13.78,2.311,703817,2904
"2023-09-24 03:00:00",958,13.6,0.16,704055,2905
"2023-09-24 06:00:00",959,13.45,-0.861,704100,2906
"2023-09-24 09:00:00",960,13.32,-1.735,704177,2906
"2023-09-24 12:00:00",961,14.55,-2.271,704227,2906
"2023-09-24 15:00:00",962,13.94,4.342,703698,2904
"2023-09-24 18:00:00",963,13.86,11.45,703218,2902
"2023-09-24 21:00:00",964,13.79,18.28,702620,2899
"2023-09-25 00:00:00",965,13.78,5.485,702625,2899
"2023-09-25 03:00:00",966,13.59,-0.904,702797,2900
"2023-09-25 06:00:00",967,13.45,-2.655,702762,2900
"2023-09-25 09:00:00",968,13.31,-3.364,702591,2899
"2023-09-25 12:00:00",969,14.37,-4.051,702648,2899
"2023-09-25 15:00:00",970,13.94,3.4,702454,2899
"2023-09-25 18:00:00",971,13.76,15.9,701838,2896
"2023-09-25 21:00:00",972,14.11,10.02,701515,2895
"2023-09-26 00:00:00",973,13.76,2.822,701771,2896
"2023-09-26 03:00:00",974,13.58,0.777,701210,2893
"2023-09-26 06:00:00",975,13.44,0.011,701347,2894
"2023-09-26 09:00:00",976,13.3,0.138,701316,2894
"2023-09-26 12:00:00",977,14.35,-0.479,701384,2894
"2023-09-26 15:00:00",978,14.05,2.715,701090,2893
"2023-09-26 18:00:00",979,13.86,9.82,700493,2890
"2023-09-26 21:00:00",980,13.98,13.4,700255,2889
"2023-09-27 00:00:00",981,13.77,4.084,700289,2889
"2023-09-27 03:00:00",982,13.59,0.138,700492,2890
"2023-09-27 06:00:00",983,13.44,-1.374,700085,2888
"2023-09-27 09:00:00",984,13.31,-2.784,700204,2889
"2023-09-27 12:00:00",985,14.45,-3.922,700248,2889
"2023-09-27 15:00:00",986,14.03,2.63,700409,2890
"2023-09-27 18:00:00",987,14.01,6.242,700051,2888
"2023-09-27 21:00:00",988,14.11,4.536,699607,2886
"2023-09-28 00:00:00",989,13.77,2.203,699727,2887
"2023-09-28 03:00:00",990,13.59,1.394,699846,2887
"2023-09-28 06:00:00",991,13.45,1.053,699846,2887
"2023-09-28 09:00:00",992,13.31,0.287,699872,2887
"2023-09-28 12:00:00",993,14.38,-0.457,699679,2887
"2023-09-28 15:00:00",994,14.08,2.053,699819,2887
"2023-09-28 18:00:00",995,13.94,8.57,699319,2885
"2023-09-28 21:00:00",996,14.01,7.751,698688,2882
"2023-09-29 00:00:00",997,13.75,3.165,698926,2883
"2023-09-29 03:00:00",998,13.57,1.351,698994,2884
"2023-09-29 06:00:00",999,13.43,-0.267,698648,2882
"2023-09-29 09:00:00",1000,13.3,-1.245,698695,2882
"2023-09-29 12:00:00",1001,14.35,-2.271,698733,2883
"2023-09-29 15:00:00",1002,13.85,4.923,698926,2883
"2023-09-29 18:00:00",1003,13.63,18.38,697856,2879
"2023-09-29 21:00:00",1004,13.84,19.18,697516,2877
"2023-09-30 00:00:00",1005,13.77,5.765,697525,2877
"2023-09-30 03:00:00",1006,13.58,0.33,697253,2876
"2023-09-30 06:00:00",1007,13.43,-1.692,697357,2877
"2023-09-30 09:00:00",1008,13.3,-2.806,697475,2877
"2023-09-30 12:00:00",1009,13.86,-3.965,697547,2877
"2023-09-30 15:00:00",1010,14.05,0.777,697162,2876
"2023-09-30 18:00:00",1011,13.86,10.47,696748,2874
"2023-09-30 21:00:00",1012,13.99,8.19,696643,2874
"2023-10-01 00:00:00",1013,13.75,3.292,696200,2872
"2023-10-01 03:00:00",1014,13.57,1.075,696437,2873
"2023-10-01 06:00:00",1015,13.43,0.16,696544,2873
"2023-10-01 09:00:00",1016,13.3,-0.585,696613,2873
"2023-10-01 12:00:00",1017,13.78,-2.655,696111,2871
"2023-10-01 15:00:00",1018,14.01,2.523,696374,2872
"2023-10-01 18:00:00",1019,13.83,13.54,695509,2869
"2023-10-01 21:00:00",1020,13.91,15.9,694511,2864
"2023-10-02 00:00:00",1021,13.76,3.999,694837,2866
"2023-10-02 03:00:00",1022,13.58,-0.777,694607,2865
"2023-10-02 06:00:00",1023,13.44,-1.927,694629,2865
"2023-10-02 09:00:00",1024,13.31,-1.609,694629,2865
"2023-10-02 12:00:00",1025,13.93,-0.416,695241,2868
"2023-10-02 15:00:00",1026,14.1,1.884,695043,2867
"2023-10-02 18:00:00",1027,14.11,3.122,694846,2866
"2023-10-02 21:00:00",1028,14.14,3.165,694158,2863
"2023-10-03 00:00:00",1029,13.76,1.927,694311,2864
"2023-10-03 03:00:00",1030,13.59,1.267,694392,2864
"2023-10-03 06:00:00",1031,13.44,0.903,694392,2864
"2023-10-03 09:00:00",1032,13.31,-0.012,694512,2864
"2023-10-03 12:00:00",1033,13.8,-0.479,694576,2865
"2023-10-03 15:00:00",1034,14.03,2.865,694274,2863
"2023-10-03 18:00:00",1035,13.81,12.72,693546,2860
"2023-10-03 21:00:00",1036,13.94,14.4,693166,2859
"2023-10-04 00:00:00",1037,13.75,4.107,693133,2859
"2023-10-04 03:00:00",1038,13.57,0.757,693034,2858
"2023-10-04 06:00:00",1039,13.43,0.436,693118,2858
"2023-10-04 09:00:00",1040,13.3,0.287,693124,2858
"2023-10-04 12:00:00",1041,13.54,0.138,693137,2859
"2023-10-04 15:00:00",1042,14.08,2.758,692910,2858
"2023-10-04 18:00:00",1043,13.92,6.852,692556,2856
"2023-10-04 21:00:00",1044,14.08,7.993,692212,2855
"2023-10-05 00:00:00",1045,13.74,2.566,692228,2855
"2023-10-05 03:00:00",1046,13.57,-0.393,691839,2853
"2023-10-05 06:00:00",1047,13.43,-1.5,691900,2853
"2023-10-05 09:00:00",1048,13.3,-2.442,692002,2854
"2023-10-05 12:00:00",1049,13.61,-2.442,691998,2854
"2023-10-05 15:00:00",1050,13.92,3.036,692236,2855
"2023-10-05 18:00:00",1051,13.67,16.51,691533,2852
"2023-10-05 21:00:00",1052,13.79,18.82,691391,2851
"2023-10-06 00:00:00",1053,13.76,4.88,691429,2851
"2023-10-06 03:00:00",1054,13.58,-0.628,691466,2851
"2023-10-06 06:00:00",1055,13.44,-2.185,691329,2851
"2023-10-06 09:00:00",1056,13.3,-2.698,691336,2851
"2023-10-06 12:00:00",1057,13.83,-3.127,691336,2851
"2023-10-06 15:00:00",1058,13.99,1.99,691665,2852
"2023-10-06 18:00:00",1059,13.84,9.1,691001,2849
"2023-10-06 21:00:00",1060,14.16,7.268,691193,2850
"2023-10-07 00:00:00",1061,13.71,2.053,690934,2849
"2023-10-07 03:00:00",1062,13.54,0.393,691032,2850
"2023-10-07 06:00:00",1063,13.4,-0.224,691165,2850
"2023-10-07 09:00:00",1064,13.27,-0.012,691104,2850
"2023-10-07 12:00:00",1065,13.2,0.011,691109,2850
"2023-10-07 15:00:00",1066,14.17,1.053,690983,2849
"2023-10-07 18:00:00",1067,13.86,6.852,690512,2847
"2023-10-07 21:00:00",1068,14.08,6.177,690512,2847
"2023-10-08 00:00:00",1069,13.74,2.288,690524,2847
"2023-10-08 03:00:00",1070,13.57,1.308,690301,2846
"2023-10-08 06:00:00",1071,13.43,1.181,690301,2846
"2023-10-08 09:00:00",1072,13.3,1.288,690301,2846
"2023-10-08 12:00:00",1073,13.21,1.308,690301,2846
"2023-10-08 15:00:00",1074,14.1,2.566,690184,2846
"2023-10-08 18:00:00",1075,14.02,4.428,690066,2845
"2023-10-08 21:00:00",1076,14.08,4.794,689725,2844
"2023-10-09 00:00:00",1077,13.73,3.228,689385,2842
"2023-10-09 03:00:00",1078,13.56,2.438,689502,2843
"2023-10-09 06:00:00",1079,13.42,2.119,689502,2843
"2023-10-09 09:00:00",1080,13.28,1.821,689602,2843
"2023-10-09 12:00:00",1081,13.39,1.606,688927,2840
"2023-10-09 15:00:00",1082,13.88,5.982,689035,2841
"2023-10-09 18:00:00",1083,13.79,14.73,687997,2837
"2023-10-09 21:00:00",1084,13.78,19.13,687649,2835
"2023-10-10 00:00:00",1085,13.73,7.159,687446,2834
"2023-10-10 03:00:00",1086,13.54,2.63,687457,2834
"2023-10-10 06:00:00",1087,13.4,1.288,687574,2835
"2023-10-10 09:00:00",1088,13.27,0.373,687268,2833
"2023-10-10 12:00:00",1089,13.37,-0.052,687016,2832
"2023-10-10 15:00:00",1090,13.92,4.945,686999,2832
"2023-10-10 18:00:00",1091,13.84,13.61,686321,2829
"2023-10-10 21:00:00",1092,14.01,13.35,686297,2829
"2023-10-11 00:00:00",1093,13.72,4.299,685977,2828
"2023-10-11 03:00:00",1094,13.55,2.48,686094,2828
"2023-10-11 06:00:00",1095,13.41,1.947,686004,2828
"2023-10-11 09:00:00",1096,13.27,1.672,685870,2827
"2023-10-11 12:00:00",1097,13.21,1.778,685865,2827
"2023-10-11 15:00:00",1098,14.14,2.182,685423,2825
"2023-10-11 18:00:00",1099,13.81,11.22,685169,2824
"2023-10-11 21:00:00",1100,13.92,14.61,684819,2823
"2023-10-12 00:00:00",1101,13.72,4.279,684613,2822
"2023-10-12 03:00:00",1102,13.55,0.777,684847,2823
"2023-10-12 06:00:00",1103,13.41,-0.947,685027,2824
"2023-10-12 09:00:00",1104,13.28,-1.692,685080,2824
"2023-10-12 12:00:00",1105,13.34,-2.42,684842,2823
"2023-10-12 15:00:00",1106,14.08,0.863,684858,2823
"2023-10-12 18:00:00",1107,14.09,4.751,684614,2822
"2023-10-12 21:00:00",1108,14.14,3.271,683932,2819
"2023-10-13 00:00:00",1109,13.74,1.565,684165,2820
"2023-10-13 03:00:00",1110,13.57,0.608,684165,2820
"2023-10-13 06:00:00",1111,13.43,0.138,684280,2821
"2023-10-13 09:00:00",1112,13.3,0.266,684214,2820
"2023-10-13 12:00:00",1113,13.31,0.501,684166,2820
"2023-10-13 15:00:00",1114,14.01,2.695,683712,2818
"2023-10-13 18:00:00",1115,13.81,13.71,683254,2816
"2023-10-13 21:00:00",1116,14.02,14.95,683112,2816
"2023-10-14 00:00:00",1117,13.72,3.249,682935,2815
"2023-10-14 03:00:00",1118,13.55,-0.075,682958,2815
"2023-10-14 06:00:00",1119,13.42,-0.436,682971,2815
"2023-10-14 09:00:00",1120,13.29,0.287,682885,2815
"2023-10-14 12:00:00",1121,13.22,0.946,682802,2814
"2023-10-14 15:00:00",1122,14.06,3.185,682639,2814
"2023-10-14 18:00:00",1123,13.81,10.79,682274,2812
"2023-10-14 21:00:00",1124,14.01,12.58,682230,2812
"2023-10-15 00:00:00",1125,13.71,4.665,681887,2810
"2023-10-15 03:00:00",1126,13.54,2.268,682021,2811
"2023-10-15 06:00:00",1127,13.4,0.926,682120,2811
"2023-10-15 09:00:00",1128,13.27,0.903,681779,2810
"2023-10-15 12:00:00",1129,13.18,0.903,681779,2810
"2023-10-15 15:00:00",1130,14.17,1.48,681779,2810
"2023-10-15 18:00:00",1131,13.85,8.17,681655,2809
"2023-10-15 21:00:00",1132,14.22,5.097,681376,2808
"2023-10-16 00:00:00",1133,13.72,2.119,681327,2808
"2023-10-16 03:00:00",1134,13.55,1.053,681438,2808
"2023-10-16 06:00:00",1135,13.41,0.287,681278,2808
"2023-10-16 09:00:00",1136,13.28,0.266,681135,2807
"2023-10-16 12:00:00",1137,13.18,0.181,681179,2807
"2023-10-16 15:00:00",1138,14.17,0.82,680756,2805
"2023-10-16 18:00:00",1139,14.14,2.245,680640,2805
"2023-10-16 21:00:00",1140,14.21,2.311,680640,2805
"2023-10-17 00:00:00",1141,13.74,0.522,680586,2805
"2023-10-17 03:00:00",1142,13.58,0.097,680335,2804
"2023-10-17 06:00:00",1143,13.43,0.117,680492,2804
"2023-10-17 09:00:00",1144,13.3,-0.244,680209,2803
"2023-10-17 12:00:00",1145,13.19,-0.35,680252,2803
"2023-10-17 15:00:00",1146,14.17,0.522,680075,2803
"2023-10-17 18:00:00",1147,14.17,1.053,680075,2803
"2023-10-17 21:00:00",1148,14.22,1.181,680074,2803
"2023-10-18 00:00:00",1149,13.76,-0.649,680245,2803
"2023-10-18 03:00:00",1150,13.59,-2.248,680306,2803
"2023-10-18 06:00:00",1151,13.45,-3.836,679741,2801
"2023-10-18 09:00:00",1152,13.31,-4.462,679789,2801
"2023-10-18 12:00:00",1153,13.25,-4.593,679769,2801
"2023-10-18 15:00:00",1154,14.23,-2.955,679911,2802
"2023-10-18 18:00:00",1155,13.99,3.549,679844,2802
"2023-10-18 21:00:00",1156,14.13,11.24,679944,2802
"2023-10-19 00:00:00",1157,13.77,-1.735,679965,2802
"2023-10-19 03:00:00",1158,13.61,-6.401,679984,2802
"2023-10-19 06:00:00",1159,13.47,-7.682,680204,2803
"2023-10-19 09:00:00",1160,13.33,-8.76,680204,2803
"2023-10-19 12:00:00",1161,13.27,-9.41,680204,2803
"2023-10-19 15:00:00",1162,14.3,-6.952,680091,2803
"2023-10-19 18:00:00",1163,13.93,6.199,679909,2802
"2023-10-19 21:00:00",1164,14.22,7.794,679903,2802
"2023-10-20 00:00:00",1165,13.81,-3.321,679740,2801
"2023-10-20 03:00:00",1166,13.65,-7.216,680088,2803
"2023-10-20 06:00:00",1167,13.51,-8.17,680204,2803
"2023-10-20 09:00:00",1168,13.37,-8.53,680204,2803
"2023-10-20 12:00:00",1169,13.3,-9.1,680204,2803
"2023-10-20 15:00:00",1170,14.25,-6.292,679976,2802
"2023-10-20 18:00:00",1171,13.9,6.504,679875,2802
"2023-10-20 21:00:00",1172,14.24,5.591,679952,2802
"2023-10-21 00:00:00",1173,13.81,-3.513,679752,2801
"2023-10-21 03:00:00",1174,13.65,-5.766,679972,2802
"2023-10-21 06:00:00",1175,13.51,-6.446,679972,2802
"2023-10-21 09:00:00",1176,13.37,-6.139,679972,2802
"2023-10-21 12:00:00",1177,13.28,-5.809,679972,2802
"2023-10-21 15:00:00",1178,14.2,-3.599,679781,2801
"2023-10-21 18:00:00",1179,14.01,5.896,679747,2801
"2023-10-21 21:00:00",1180,14.21,8.41,679891,2802
"2023-10-22 00:00:00",1181,13.79,-1.993,679978,2802
"2023-10-22 03:00:00",1182,13.63,-5.831,679972,2802
"2023-10-22 06:00:00",1183,13.49,-6.073,679972,2802
"2023-10-22 09:00:00",1184,13.36,-5.547,679972,2802
"2023-10-22 12:00:00",1185,13.25,-4.333,679783,2801
"2023-10-22 15:00:00",1186,14.16,-1.331,680129,2803
"2023-10-22 18:00:00",1187,14.15,1.012,680075,2803
"2023-10-22 21:00:00",1188,14.33,1.416,680074,2803
"2023-10-23 00:00:00",1189,13.75,1.202,680074,2803
"2023-10-23 03:00:00",1190,13.58,1.33,680074,2803
"2023-10-23 06:00:00",1191,13.43,1.692,680032,2802
"2023-10-23 09:00:00",1192,13.31,1.798,679992,2802
"2023-10-23 12:00:00",1193,13.18,1.692,680028,2802
"2023-10-23 15:00:00",1194,14.08,2.695,679953,2802
"2023-10-23 18:00:00",1195,14.03,6.222,679612,2801
"2023-10-23 21:00:00",1196,14.21,6.048,679611,2801
"2023-10-24 00:00:00",1197,13.73,1.884,679679,2801
"2023-10-24 03:00:00",1198,13.56,0.777,679393,2800
"2023-10-24 06:00:00",1199,13.42,0.309,679395,2800
"2023-10-24 09:00:00",1200,13.29,-0.032,679508,2800
"2023-10-24 12:00:00",1201,13.17,-0.158,679524,2800
"2023-10-24 15:00:00",1202,14.13,0.608,679393,2800
"2023-10-24 18:00:00",1203,14.05,5.334,679825,2801
"2023-10-24 21:00:00",1204,14.27,6.766,679611,2801
"2023-10-25 00:00:00",1205,13.73,1.649,679393,2800
"2023-10-25 03:00:00",1206,13.56,0.138,679490,2800
"2023-10-25 06:00:00",1207,13.42,-1.096,679564,2800
"2023-10-25 09:00:00",1208,13.29,-2.122,679624,2801
"2023-10-25 12:00:00",1209,13.17,-2.806,679735,2801
"2023-10-25 15:00:00",1210,14.16,-1.95,679639,2801
"2023-10-25 18:00:00",1211,13.94,8.7,679549,2800
"2023-10-25 21:00:00",1212,14.29,10.54,679701,2801
"2023-10-26 00:00:00",1213,13.74,0.074,679514,2800
"2023-10-26 03:00:00",1214,13.58,-3.728,679774,2801
"2023-10-26 06:00:00",1215,13.44,-4.765,679513,2800
"2023-10-26 09:00:00",1216,13.31,-5.418,679624,2801
"2023-10-26 12:00:00",1217,13.19,-5.897,679631,2801
"2023-10-26 15:00:00",1218,14.2,-4.051,679606,2800
"2023-10-26 18:00:00",1219,14.05,6.242,679627,2801
"2023-10-26 21:00:00",1220,14.33,8.35,679380,2800
"2023-10-27 00:00:00",1221,13.77,-1.887,679624,2801
"2023-10-27 03:00:00",1222,13.61,-5.264,679613,2801
"2023-10-27 06:00:00",1223,13.47,-6.182,679290,2799
"2023-10-27 09:00:00",1224,13.34,-5.461,679614,2801
"2023-10-27 12:00:00",1225,13.21,-3.945,679747,2801
"2023-10-27 15:00:00",1226,14.24,-2.892,679741,2801
"2023-10-27 18:00:00",1227,14.19,-0.671,679569,2800
"2023-10-27 21:00:00",1228,13.99,-0.479,679549,2800
"2023-10-28 00:00:00",1229,13.74,-1.609,679624,2801
"2023-10-28 03:00:00",1230,13.59,-2.228,679626,2801
"2023-10-28 06:00:00",1231,13.45,-2.526,679661,2801
"2023-10-28 09:00:00",1232,13.32,-2.698,679707,2801
"2023-10-28 12:00:00",1233,13.19,-3.021,679740,2801
"2023-10-28 15:00:00",1234,13.33,-2.892,679740,2801
"2023-10-28 18:00:00",1235,14.13,-0.755,679555,2800
"2023-10-28 21:00:00",1236,14.04,1.649,679367,2799
"2023-10-29 00:00:00",1237,13.78,-1.374,679600,2800
"2023-10-29 03:00:00",1238,13.61,-3.513,679740,2801
"2023-10-29 06:00:00",1239,13.48,-3.751,679746,2801
"2023-10-29 09:00:00",1240,13.35,-2.827,679740,2801
"2023-10-29 12:00:00",1241,13.22,-2.334,679627,2801
"2023-10-29 15:00:00",1242,14.1,0.82,679393,2800
"2023-10-29 18:00:00",1243,14.1,2.865,679505,2800
"2023-10-29 21:00:00",1244,14.12,2.779,679505,2800
"2023-10-30 00:00:00",1245,13.71,2.695,679567,2800
"2023-10-30 03:00:00",1246,13.55,2.503,679446,2800
"2023-10-30 06:00:00",1247,13.4,2.95,679344,2799
"2023-10-30 09:00:00",1248,13.27,3.036,679162,2799
"2023-10-30 12:00:00",1249,13.16,3.122,679162,2799
"2023-10-30 15:00:00",1250,14.08,3.549,678821,2797
"2023-10-30 18:00:00",1251,14.1,4.279,678480,2796
"2023-10-30 21:00:00",1252,14.27,4.751,678139,2794
"2023-10-31 00:00:00",1253,13.7,3.142,677798,2793
"2023-10-31 03:00:00",1254,13.53,2.417,677573,2792
"2023-10-31 06:00:00",1255,13.39,2.288,677232,2790
"2023-10-31 09:00:00",1256,13.26,2.288,676891,2789
"2023-10-31 12:00:00",1257,13.14,2.395,676209,2786
"2023-10-31 15:00:00",1258,13.34,2.48,675165,2781
"2023-10-31 18:00:00",1259,14.28,2.033,674505,2779
"2023-10-31 21:00:00",1260,13.95,0.84,674620,2779
"2023-11-01 00:00:00",1261,13.7,0.84,674620,2779
"2023-11-01 03:00:00",1262,13.54,1.394,674620,2779
"2023-11-01 06:00:00",1263,13.4,0.946,674620,2779
"2023-11-01 09:00:00",1264,13.27,0.393,674620,2779
"2023-11-01 12:00:00",1265,13.15,0.246,674640,2779
"2023-11-01 15:00:00",1266,13.04,0.181,674645,2779
"2023-11-01 18:00:00",1267,12.97,0.16,674657,2779
"2023-11-01 21:00:00",1268,12.95,0.138,674687,2779
"2023-11-02 00:00:00",1269,12.95,0.117,674676,2779
"2023-11-02 03:00:00",1270,12.95,0.097,674696,2779
"2023-11-02 06:00:00",1271,12.96,0.097,674680,2779
"2023-11-02 09:00:00",1272,12.96,0.097,674651,2779
"2023-11-02 12:00:00",1273,12.96,0.097,674683,2779
"2023-11-02 15:00:00",1274,12.97,0.097,674649,2779
"2023-11-02 18:00:00",1275,12.97,0.097,674659,2779
"2023-11-02 21:00:00",1276,12.97,0.097,674684,2779
"2023-11-03 00:00:00",1277,12.97,0.097,674664,2779
"2023-11-03 03:00:00",1278,12.97,0.074,674654,2779
"2023-11-03 06:00:00",1279,12.98,0.074,674666,2779
"2023-11-03 09:00:00",1280,12.98,0.074,674653,2779
"2023-11-03 12:00:00",1281,12.98,0.074,674661,2779
"2023-11-03 15:00:00",1282,12.99,0.074,674662,2779
"2023-11-03 18:00:00",1283,12.99,0.074,674688,2779
"2023-11-03 21:00:00",1284,12.99,0.074,674668,2779
"2023-11-04 00:00:00",1285,12.99,0.054,674673,2779
"2023-11-04 03:00:00",1286,12.99,0.054,674704,2779
"2023-11-04 06:00:00",1287,12.99,0.031,674691,2779
"2023-11-04 09:00:00",1288,12.99,0.011,674672,2779
"2023-11-04 12:00:00",1289,12.99,-0.032,674699,2779
"2023-11-04 15:00:00",1290,12.99,-0.052,674711,2779
"2023-11-04 18:00:00",1291,12.99,-0.075,674706,2779
"2023-11-04 21:00:00",1292,12.99,-0.095,674718,2780
"2023-11-05 00:00:00",1293,12.99,-0.138,674737,2780
"2023-11-05 03:00:00",1294,12.99,-0.138,674736,2780
"2023-11-05 06:00:00",1295,12.99,-0.138,674725,2780
"2023-11-05 09:00:00",1296,12.99,-0.118,674717,2780
"2023-11-05 12:00:00",1297,12.99,-0.095,674727,2780
"2023-11-05 15:00:00",1298,12.99,-0.201,674725,2780
"2023-11-05 18:00:00",1299,13.06,-0.649,674802,2780
"2023-11-05 21:00:00",1300,13,-1.225,674761,2780
"2023-11-06 00:00:00",1301,12.98,-1.523,674846,2780
"2023-11-06 03:00:00",1302,12.98,-1.97,674850,2780
"2023-11-06 06:00:00",1303,12.97,-2.122,674850,2780
"2023-11-06 09:00:00",1304,12.97,-2.291,674850,2780
"2023-11-06 12:00:00",1305,12.97,-2.677,674882,2780
"2023-11-06 15:00:00",1306,13.01,-2.869,674960,2781
"2023-11-06 18:00:00",1307,13.36,-2.506,674850,2780
"2023-11-06 21:00:00",1308,13.17,-2.463,674850,2780
"2023-11-07 00:00:00",1309,13.07,-2.334,674850,2780
"2023-11-07 03:00:00",1310,13.01,-2.228,674850,2780
"2023-11-07 06:00:00",1311,12.98,-2.099,674850,2780
"2023-11-07 09:00:00",1312,12.98,-2.013,674850,2780
"2023-11-07 12:00:00",1313,12.98,-1.927,674850,2780
"2023-11-07 15:00:00",1314,12.98,-1.821,674850,2780
"2023-11-07 18:00:00",1315,12.98,-1.672,674847,2780
"2023-11-07 21:00:00",1316,12.98,-1.566,674843,2780
"2023-11-08 00:00:00",1317,12.98,-1.523,674844,2780
"2023-11-08 03:00:00",1318,12.98,-1.543,674826,2780
"2023-11-08 06:00:00",1319,12.98,-1.609,674850,2780
"2023-11-08 09:00:00",1320,12.98,-1.652,674839,2780
"2023-11-08 12:00:00",1321,12.98,-1.715,674850,2780
"2023-11-08 15:00:00",1322,12.98,-1.672,674850,2780
"2023-11-08 18:00:00",1323,12.98,-1.46,674842,2780
"2023-11-08 21:00:00",1324,12.97,-1.225,674799,2780
"2023-11-09 00:00:00",1325,12.98,-1.076,674768,2780
"2023-11-09 03:00:00",1326,12.98,-0.969,674796,2780
"2023-11-09 06:00:00",1327,12.98,-0.927,674785,2780
"2023-11-09 09:00:00",1328,12.98,-0.904,674780,2780
"2023-11-09 12:00:00",1329,12.98,-0.884,674958,2781
"2023-11-09 15:00:00",1330,12.98,-0.841,675143,2781
"2023-11-09 18:00:00",1331,12.98,-0.777,675162,2781
"2023-11-09 21:00:00",1332,12.98,-0.692,675161,2781
"2023-11-10 00:00:00",1333,12.98,-0.692,675133,2781
"2023-11-10 03:00:00",1334,12.98,-0.947,675123,2781
"2023-11-10 06:00:00",1335,12.97,-1.394,675119,2781
"2023-11-10 09:00:00",1336,12.97,-1.844,675191,2782
"2023-11-10 12:00:00",1337,12.97,-2.334,674850,2780
"2023-11-10 15:00:00",1338,12.97,-2.806,674935,2780
"2023-11-10 18:00:00",1339,12.96,-3.213,674965,2781
"2023-11-10 21:00:00",1340,12.96,-3.45,674965,2781
"2023-11-11 00:00:00",1341,12.96,-3.513,674965,2781
"2023-11-11 03:00:00",1342,12.96,-3.47,674965,2781
"2023-11-11 06:00:00",1343,12.96,-3.364,674965,2781
"2023-11-11 09:00:00",1344,12.96,-3.193,674965,2781
"2023-11-11 12:00:00",1345,12.96,-2.912,674957,2781
"2023-11-11 15:00:00",1346,12.96,-2.612,675049,2781
"2023-11-11 18:00:00",1347,12.96,-2.291,675191,2782
"2023-11-11 21:00:00",1348,12.96,-2.036,675191,2782
"2023-11-12 00:00:00",1349,12.96,-1.887,675191,2782
"2023-11-12 03:00:00",1350,12.96,-1.735,675191,2782
"2023-11-12 06:00:00",1351,12.96,-1.586,675181,2782
"2023-11-12 09:00:00",1352,12.96,-1.437,675145,2781
"2023-11-12 12:00:00",1353,12.96,-1.351,675132,2781
"2023-11-12 15:00:00",1354,12.96,-1.268,675300,2782
"2023-11-12 18:00:00",1355,12.96,-1.225,675464,2783
"2023-11-12 21:00:00",1356,12.96,-1.139,675480,2783
"2023-11-13 00:00:00",1357,12.96,-1.119,675433,2783
"2023-11-13 03:00:00",1358,12.96,-1.417,675481,2783
"2023-11-13 06:00:00",1359,12.96,-1.927,675362,2782
"2023-11-13 09:00:00",1360,12.96,-2.592,675199,2782
"2023-11-13 12:00:00",1361,12.96,-2.935,675299,2782
"2023-11-13 15:00:00",1362,12.95,-2.998,675306,2782
"2023-11-13 18:00:00",1363,12.95,-2.955,675477,2783
"2023-11-13 21:00:00",1364,12.95,-2.869,675302,2782
"2023-11-14 00:00:00",1365,12.95,-2.806,675282,2782
"2023-11-14 03:00:00",1366,12.95,-2.698,675244,2782
"2023-11-14 06:00:00",1367,12.95,-2.442,675362,2782
"2023-11-14 09:00:00",1368,12.95,-2.079,675362,2782
"2023-11-14 12:00:00",1369,12.95,-1.821,675532,2783
"2023-11-14 15:00:00",1370,12.95,-1.609,675515,2783
"2023-11-14 18:00:00",1371,12.96,-1.48,675525,2783
"2023-11-14 21:00:00",1372,12.96,-1.331,675467,2783
"2023-11-15 00:00:00",1373,12.95,-1.202,675475,2783
"2023-11-15 03:00:00",1374,12.96,-1.331,675469,2783
"2023-11-15 06:00:00",1375,12.96,-1.609,675527,2783
"2023-11-15 09:00:00",1376,12.95,-1.652,675518,2783
"2023-11-15 12:00:00",1377,12.95,-1.543,675525,2783
"2023-11-15 15:00:00",1378,12.95,-1.437,675498,2783
"2023-11-15 18:00:00",1379,12.95,-1.48,675861,2784
"2023-11-15 21:00:00",1380,12.95,-1.758,675532,2783
"2023-11-16 00:00:00",1381,12.95,-2.185,675532,2783
"2023-11-16 03:00:00",1382,12.95,-2.569,675538,2783
"2023-11-16 06:00:00",1383,12.95,-2.763,675627,2783
"2023-11-16 09:00:00",1384,12.94,-2.955,675647,2784
"2023-11-16 12:00:00",1385,12.94,-3.278,675647,2784
"2023-11-16 15:00:00",1386,12.94,-3.47,675647,2784
"2023-11-16 18:00:00",1387,12.94,-3.385,675647,2784
"2023-11-16 21:00:00",1388,12.94,-3.299,675647,2784
"2023-11-17 00:00:00",1389,12.94,-3.321,675647,2784
"2023-11-17 03:00:00",1390,12.94,-3.342,675647,2784
"2023-11-17 06:00:00",1391,12.94,-3.45,675647,2784
"2023-11-17 09:00:00",1392,12.94,-3.794,675655,2784
"2023-11-17 12:00:00",1393,12.93,-4.008,675652,2784
"2023-11-17 15:00:00",1394,12.93,-4.139,675665,2784
"2023-11-17 18:00:00",1395,12.93,-3.988,675664,2784
"2023-11-17 21:00:00",1396,12.93,-3.642,675648,2784
"2023-11-18 00:00:00",1397,12.93,-3.642,675648,2784
"2023-11-18 03:00:00",1398,12.93,-3.988,675665,2784
"2023-11-18 06:00:00",1399,12.93,-4.354,675698,2784
"2023-11-18 09:00:00",1400,12.93,-4.679,675670,2784
"2023-11-18 12:00:00",1401,12.93,-4.873,675729,2784
"2023-11-18 15:00:00",1402,12.92,-5.025,675744,2784
"2023-11-18 18:00:00",1403,12.92,-4.982,675761,2784
"2023-11-18 21:00:00",1404,12.92,-4.679,675685,2784
"2023-11-19 00:00:00",1405,12.92,-4.225,675660,2784
"2023-11-19 03:00:00",1406,12.93,-3.642,675648,2784
"2023-11-19 06:00:00",1407,12.93,-3.107,675648,2784
"2023-11-19 09:00:00",1408,12.92,-2.698,675955,2785
"2023-11-19 12:00:00",1409,12.93,-2.334,675873,2784
"2023-11-19 15:00:00",1410,12.93,-2.122,676214,2786
"2023-11-19 18:00:00",1411,12.93,-2.013,676214,2786
"2023-11-19 21:00:00",1412,12.93,-1.95,676214,2786
"2023-11-20 00:00:00",1413,12.93,-1.821,676214,2786
"2023-11-20 03:00:00",1414,12.93,-1.652,676204,2786
"2023-11-20 06:00:00",1415,12.93,-1.48,676193,2786
"2023-11-20 09:00:00",1416,12.93,-1.351,676164,2786
"2023-11-20 12:00:00",1417,12.93,-1.182,676137,2786
"2023-11-20 15:00:00",1418,12.93,-1.076,676150,2786
"2023-11-20 18:00:00",1419,12.93,-0.947,676160,2786
"2023-11-20 21:00:00",1420,12.93,-0.884,676142,2786
"2023-11-21 00:00:00",1421,12.93,-0.927,676149,2786
"2023-11-21 03:00:00",1422,12.93,-0.99,676155,2786
"2023-11-21 06:00:00",1423,12.93,-1.053,676163,2786
"2023-11-21 09:00:00",1424,12.93,-1.139,676130,2786
"2023-11-21 12:00:00",1425,12.93,-1.245,676156,2786
"2023-11-21 15:00:00",1426,12.93,-1.417,676193,2786
"2023-11-21 18:00:00",1427,12.93,-1.523,676205,2786
"2023-11-21 21:00:00",1428,12.93,-1.609,676213,2786
"2023-11-22 00:00:00",1429,12.93,-1.692,676205,2786
"2023-11-22 03:00:00",1430,12.93,-1.778,676214,2786
"2023-11-22 06:00:00",1431,12.92,-1.927,676214,2786
"2023-11-22 09:00:00",1432,12.92,-2.099,676214,2786
"2023-11-22 12:00:00",1433,12.92,-2.334,676044,2785
"2023-11-22 15:00:00",1434,12.92,-2.741,676142,2786
"2023-11-22 18:00:00",1435,12.92,-3.213,676159,2786
"2023-11-22 21:00:00",1436,12.92,-3.642,675818,2784
"2023-11-23 00:00:00",1437,12.91,-4.051,675652,2784
"2023-11-23 03:00:00",1438,12.91,-4.485,675687,2784
"2023-11-23 06:00:00",1439,12.91,-4.896,675742,2784
"2023-11-23 09:00:00",1440,12.91,-5.156,675763,2784
"2023-11-23 12:00:00",1441,12.91,-5.178,675763,2784
"2023-11-23 15:00:00",1442,12.9,-4.962,675733,2784
"2023-11-23 18:00:00",1443,12.9,-4.548,675667,2784
"2023-11-23 21:00:00",1444,12.9,-4.031,675819,2784
"2023-11-24 00:00:00",1445,12.9,-3.428,675989,2785
"2023-11-24 03:00:00",1446,12.91,-2.869,676159,2786
"2023-11-24 06:00:00",1447,12.91,-2.442,676214,2786
"2023-11-24 09:00:00",1448,12.91,-2.099,676214,2786
"2023-11-24 12:00:00",1449,12.91,-1.801,676214,2786
"2023-11-24 15:00:00",1450,12.92,-1.5,676200,2786
"2023-11-24 18:00:00",1451,12.92,-1.159,676151,2786
"2023-11-24 21:00:00",1452,12.92,-0.904,676151,2786
"2023-11-25 00:00:00",1453,12.92,-0.606,676140,2786
"2023-11-25 03:00:00",1454,12.92,-0.436,676132,2786
"2023-11-25 06:00:00",1455,12.92,-0.33,676101,2785
"2023-11-25 09:00:00",1456,12.92,-0.201,675417,2783
"2023-11-25 12:00:00",1457,12.92,-0.138,675421,2783
"2023-11-25 15:00:00",1458,12.92,-0.075,675050,2781
"2023-11-25 18:00:00",1459,13.01,-0.012,674666,2779
"2023-11-25 21:00:00",1460,12.94,0.011,674647,2779
"2023-11-26 00:00:00",1461,12.92,0.011,674340,2778
"2023-11-26 03:00:00",1462,12.92,0.011,674348,2778
"2023-11-26 06:00:00",1463,12.92,-0.012,674351,2778
"2023-11-26 09:00:00",1464,12.92,-0.224,674385,2778
"2023-11-26 12:00:00",1465,12.92,-0.457,674415,2778
"2023-11-26 15:00:00",1466,12.92,-0.649,674263,2778
"2023-11-26 18:00:00",1467,12.93,-0.755,674278,2778
"2023-11-26 21:00:00",1468,12.92,-0.904,674254,2778
"2023-11-27 00:00:00",1469,12.92,-1.033,674282,2778
"2023-11-27 03:00:00",1470,12.91,-1.288,674113,2777
"2023-11-27 06:00:00",1471,12.91,-1.48,674157,2777
"2023-11-27 09:00:00",1472,12.91,-1.821,674168,2777
"2023-11-27 12:00:00",1473,12.91,-2.079,674168,2777
"2023-11-27 15:00:00",1474,12.91,-2.506,674168,2777
"2023-11-27 18:00:00",1475,12.9,-2.849,674283,2778
"2023-11-27 21:00:00",1476,12.9,-3.127,674283,2778
"2023-11-28 00:00:00",1477,12.9,-3.513,674283,2778
"2023-11-28 03:00:00",1478,12.9,-3.945,674286,2778
"2023-11-28 06:00:00",1479,12.89,-4.397,674315,2778
"2023-11-28 09:00:00",1480,12.89,-4.831,674336,2778
"2023-11-28 12:00:00",1481,12.89,-5.09,674396,2778
"2023-11-28 15:00:00",1482,12.89,-5.178,674398,2778
"2023-11-28 18:00:00",1483,12.89,-5.199,674398,2778
"2023-11-28 21:00:00",1484,12.89,-5.244,674398,2778
"2023-11-29 00:00:00",1485,12.88,-5.221,674397,2778
"2023-11-29 03:00:00",1486,12.88,-4.982,674363,2778
"2023-11-29 06:00:00",1487,12.88,-4.853,674346,2778
"2023-11-29 09:00:00",1488,12.88,-4.853,674335,2778
"2023-11-29 12:00:00",1489,12.88,-5.004,674380,2778
"2023-11-29 15:00:00",1490,12.89,-4.051,674296,2778
"2023-11-29 18:00:00",1491,12.9,-3.45,674284,2778
"2023-11-29 21:00:00",1492,12.89,-2.998,674284,2778
"2023-11-30 00:00:00",1493,12.89,-2.655,674198,2777
"2023-11-30 03:00:00",1494,12.89,-2.526,674190,2777
"2023-11-30 06:00:00",1495,12.89,-2.314,674168,2777
"2023-11-30 09:00:00",1496,12.89,-2.248,674168,2777
"2023-11-30 12:00:00",1497,12.89,-2.142,674168,2777
"2023-11-30 15:00:00",1498,12.9,-2.099,674168,2777
"2023-11-30 18:00:00",1499,13.05,-1.864,674168,2777
"2023-11-30 21:00:00",1500,12.96,-1.844,674168,2777
"2023-12-01 00:00:00",1501,12.91,-2.142,674168,2777
"2023-12-01 03:00:00",1502,12.9,-2.291,674168,2777
"2023-12-01 06:00:00",1503,12.9,-2.483,674172,2777
"2023-12-01 09:00:00",1504,12.89,-2.463,674168,2777
"2023-12-01 12:00:00",1505,12.89,-2.228,674168,2777
"2023-12-01 15:00:00",1506,12.93,-1.993,674168,2777
"2023-12-01 18:00:00",1507,13.15,-1.543,674139,2777
"2023-12-01 21:00:00",1508,13.04,-1.437,674134,2777
"2023-12-02 00:00:00",1509,12.96,-1.523,674158,2777
"2023-12-02 03:00:00",1510,12.92,-1.523,674141,2777
"2023-12-02 06:00:00",1511,12.91,-1.586,674162,2777
"2023-12-02 09:00:00",1512,12.9,-1.543,674150,2777
"2023-12-02 12:00:00",1513,12.89,-1.437,674142,2777
"2023-12-02 15:00:00",1514,12.92,-1.374,674105,2777
"2023-12-02 18:00:00",1515,13.12,-1.159,674089,2777
"2023-12-02 21:00:00",1516,13.03,-1.288,674105,2777
"2023-12-03 00:00:00",1517,12.95,-1.609,674141,2777
"2023-12-03 03:00:00",1518,12.92,-1.821,674168,2777
"2023-12-03 06:00:00",1519,12.9,-2.036,674168,2777
"2023-12-03 09:00:00",1520,12.89,-2.185,674168,2777
"2023-12-03 12:00:00",1521,12.89,-2.526,674173,2777
"2023-12-03 15:00:00",1522,12.95,-2.978,674283,2778
"2023-12-03 18:00:00",1523,13.22,-3.213,674283,2778
"2023-12-03 21:00:00",1524,13.1,-3.988,674321,2778
"2023-12-04 00:00:00",1525,12.99,-4.051,674292,2778
"2023-12-04 03:00:00",1526,12.94,-3.771,674284,2778
"2023-12-04 06:00:00",1527,12.9,-3.945,674298,2778
"2023-12-04 09:00:00",1528,12.89,-4.182,674330,2778
"2023-12-04 12:00:00",1529,12.88,-4.44,674290,2778
"2023-12-04 15:00:00",1530,13.21,-4.808,674387,2778
"2023-12-04 18:00:00",1531,13.9,-4.593,674302,2778
"2023-12-04 21:00:00",1532,13.35,-4.699,674345,2778
"2023-12-05 00:00:00",1533,13.27,-4.485,674300,2778
"2023-12-05 03:00:00",1534,13.24,-4.182,674339,2778
"2023-12-05 06:00:00",1535,13.21,-4.008,674290,2778
"2023-12-05 09:00:00",1536,13.19,-4.117,674306,2778
"2023-12-05 12:00:00",1537,13.17,-4.008,674294,2778
"2023-12-05 15:00:00",1538,13.55,-3.859,674285,2778
"2023-12-05 18:00:00",1539,13.74,-3.084,674284,2778
"2023-12-05 21:00:00",1540,13.35,-2.526,674180,2777
"2023-12-06 00:00:00",1541,13.27,-2.036,674168,2777
"2023-12-06 03:00:00",1542,13.24,-1.586,674151,2777
"2023-12-06 06:00:00",1543,13.22,-1.202,674103,2777
"2023-12-06 09:00:00",1544,13.2,-0.99,674110,2777
"2023-12-06 12:00:00",1545,13.19,-0.649,674102,2777
"2023-12-06 15:00:00",1546,13.51,-0.712,674118,2777
"2023-12-06 18:00:00",1547,13.85,-0.35,674248,2778
"2023-12-06 21:00:00",1548,13.33,-0.649,674120,2777
"2023-12-07 00:00:00",1549,13.27,-0.712,674136,2777
"2023-12-07 03:00:00",1550,13.24,-0.5,674101,2777
"2023-12-07 06:00:00",1551,13.22,-0.307,674242,2777
"2023-12-07 09:00:00",1552,13.21,-0.075,674191,2777
"2023-12-07 12:00:00",1553,13.19,0.011,674344,2778
"2023-12-07 15:00:00",1554,13.58,-0.158,674217,2777
"2023-12-07 18:00:00",1555,14.05,-0.158,674031,2777
"2023-12-07 21:00:00",1556,13.37,-0.35,674240,2777
"2023-12-08 00:00:00",1557,13.28,-0.606,674266,2778
"2023-12-08 03:00:00",1558,13.24,-0.712,674105,2777
"2023-12-08 06:00:00",1559,13.22,-0.712,674119,2777
"2023-12-08 09:00:00",1560,13.21,-0.861,674128,2777
"2023-12-08 12:00:00",1561,13.19,-0.606,674123,2777
"2023-12-08 15:00:00",1562,13.49,-0.457,674070,2777
"2023-12-08 18:00:00",1563,14.19,-0.138,674031,2777
"2023-12-08 21:00:00",1564,13.41,-0.35,674104,2777
"2023-12-09 00:00:00",1565,13.28,-0.904,674105,2777
"2023-12-09 03:00:00",1566,13.24,-0.884,674095,2777
"2023-12-09 06:00:00",1567,13.22,-1.139,674113,2777
"2023-12-09 09:00:00",1568,13.2,-0.969,674109,2777
"2023-12-09 12:00:00",1569,13.18,-1.437,674131,2777
"2023-12-09 15:00:00",1570,13.47,-1.586,674147,2777
"2023-12-09 18:00:00",1571,14.23,-0.99,674117,2777
"2023-12-09 21:00:00",1572,13.56,-1.46,674150,2777
"2023-12-10 00:00:00",1573,13.32,-1.97,674168,2777
"2023-12-10 03:00:00",1574,13.25,-2.612,674176,2777
"2023-12-10 06:00:00",1575,13.21,-4.397,674304,2778
"2023-12-10 09:00:00",1576,13.18,-5.07,674228,2777
"2023-12-10 12:00:00",1577,13.16,-5.461,674136,2777
"2023-12-10 15:00:00",1578,13.96,-5.307,674233,2777
"2023-12-10 18:00:00",1579,14.4,-4.699,674339,2778
"2023-12-10 21:00:00",1580,13.71,-5.461,674123,2777
"2023-12-11 00:00:00",1581,13.39,-5.985,674172,2777
"2023-12-11 03:00:00",1582,13.26,-7.239,673922,2776
"2023-12-11 06:00:00",1583,13.21,-7.772,673978,2776
"2023-12-11 09:00:00",1584,13.17,-8.06,674061,2777
"2023-12-11 12:00:00",1585,13.15,-8.53,674061,2777
"2023-12-11 15:00:00",1586,13.22,-7.639,673950,2776
"2023-12-11 18:00:00",1587,14.16,-6.139,674172,2777
"2023-12-11 21:00:00",1588,13.69,-5.199,674403,2778
"2023-12-12 00:00:00",1589,13.39,-4.008,674295,2778
"2023-12-12 03:00:00",1590,13.26,-3.15,674284,2778
"2023-12-12 06:00:00",1591,13.2,-2.912,674284,2778
"2023-12-12 09:00:00",1592,13.16,-2.827,674271,2778
"2023-12-12 12:00:00",1593,13.14,-2.912,674282,2778
"2023-12-12 15:00:00",1594,13.26,-2.357,674169,2777
"2023-12-12 18:00:00",1595,14.39,-2.248,674168,2777
"2023-12-12 21:00:00",1596,13.67,-2.291,674168,2777
"2023-12-13 00:00:00",1597,13.36,-1.907,674168,2777
"2023-12-13 03:00:00",1598,13.25,-1.692,674168,2777
"2023-12-13 06:00:00",1599,13.2,-1.672,674164,2777
"2023-12-13 09:00:00",1600,13.16,-1.907,674168,2777
"2023-12-13 12:00:00",1601,13.14,-1.864,674168,2777
"2023-12-13 15:00:00",1602,13.2,-3.428,674283,2778
"2023-12-13 18:00:00",1603,13.72,-5.09,674057,2777
"2023-12-13 21:00:00",1604,13.74,-7.106,673869,2776
"2023-12-14 00:00:00",1605,13.41,-9.01,674061,2777
"2023-12-14 03:00:00",1606,13.27,-10.67,674264,2778
"2023-12-14 06:00:00",1607,13.18,-11.86,674291,2778
"2023-12-14 09:00:00",1608,13.13,-13.27,674494,2779
"2023-12-14 12:00:00",1609,13.09,-13.54,674490,2779
"2023-12-14 15:00:00",1610,13.43,-13.98,674521,2779
"2023-12-14 18:00:00",1611,14.55,-12.93,674455,2778
"2023-12-14 21:00:00",1612,13.93,-12.89,674377,2778
"2023-12-15 00:00:00",1613,13.62,-13.73,674500,2779
"2023-12-15 03:00:00",1614,13.41,-13.59,674499,2779
"2023-12-15 06:00:00",1615,13.28,-14.35,674521,2779
"2023-12-15 09:00:00",1616,13.18,-14.77,674180,2777
"2023-12-15 12:00:00",1617,13.11,-15.77,673953,2776
"2023-12-15 15:00:00",1618,13.42,-15.14,673844,2776
"2023-12-15 18:00:00",1619,14.64,-13.03,674501,2779
"2023-12-15 21:00:00",1620,13.92,-12.15,674291,2778
"2023-12-16 00:00:00",1621,13.63,-11.25,674291,2778
"2023-12-16 03:00:00",1622,13.42,-10.35,674132,2777
"2023-12-16 06:00:00",1623,13.28,-9.03,674061,2777
"2023-12-16 09:00:00",1624,13.19,-7.86,674048,2777
"2023-12-16 12:00:00",1625,13.13,-7.704,673995,2776
"2023-12-16 15:00:00",1626,13.12,-7.304,673946,2776
"2023-12-16 18:00:00",1627,13.86,-6.819,673851,2776
"2023-12-16 21:00:00",1628,13.64,-6.532,673831,2776
"2023-12-17 00:00:00",1629,13.39,-6.577,673831,2776
"2023-12-17 03:00:00",1630,13.26,-6.731,673831,2776
"2023-12-17 06:00:00",1631,13.17,-7.171,673937,2776
"2023-12-17 09:00:00",1632,13.12,-7.438,673946,2776
"2023-12-17 12:00:00",1633,13.08,-7.883,674046,2777
"2023-12-17 15:00:00",1634,13.12,-7.304,673946,2776
"2023-12-17 18:00:00",1635,13.44,-6.335,673831,2776
"2023-12-17 21:00:00",1636,13.29,-5.831,674172,2777
"2023-12-18 00:00:00",1637,13.16,-7.194,673926,2776
"2023-12-18 03:00:00",1638,13.1,-7.395,673946,2776
"2023-12-18 06:00:00",1639,13.06,-6.952,673846,2776
"2023-12-18 09:00:00",1640,13.05,-6.511,673831,2776
"2023-12-18 12:00:00",1641,13.05,-6.159,674002,2776
"2023-12-18 15:00:00",1642,13.06,-5.962,674172,2777
"2023-12-18 18:00:00",1643,13.34,-5.221,674093,2777
"2023-12-18 21:00:00",1644,13.22,-4.982,674050,2777
"2023-12-19 00:00:00",1645,13.12,-5.133,674057,2777
"2023-12-19 03:00:00",1646,13.07,-5.635,674162,2777
"2023-12-19 06:00:00",1647,13.05,-5.809,674172,2777
"2023-12-19 09:00:00",1648,13.05,-5.569,674150,2777
"2023-12-19 12:00:00",1649,13.04,-5.244,674057,2777
"2023-12-19 15:00:00",1650,13.04,-4.831,674350,2778
"2023-12-19 18:00:00",1651,13.04,-4.268,674324,2778
"2023-12-19 21:00:00",1652,13.05,-2.998,674284,2778
"2023-12-20 00:00:00",1653,13.05,-1.437,674111,2777
"2023-12-20 03:00:00",1654,13.06,-0.82,674115,2777
"2023-12-20 06:00:00",1655,13.07,-0.671,674136,2777
"2023-12-20 09:00:00",1656,13.07,-0.606,674109,2777
"2023-12-20 12:00:00",1657,13.07,-0.522,674078,2777
"2023-12-20 15:00:00",1658,13.06,-0.542,674071,2777
"2023-12-20 18:00:00",1659,13.06,-0.649,674108,2777
"2023-12-20 21:00:00",1660,13.06,-0.841,674107,2777
"2023-12-21 00:00:00",1661,13.06,-1.245,674113,2777
"2023-12-21 03:00:00",1662,13.05,-1.715,674167,2777
"2023-12-21 06:00:00",1663,13.05,-2.228,674168,2777
"2023-12-21 09:00:00",1664,13.04,-2.741,674254,2778
"2023-12-21 12:00:00",1665,13.04,-3.064,674283,2778
"2023-12-21 15:00:00",1666,13.04,-3.213,674283,2778
"2023-12-21 18:00:00",1667,13.03,-3.256,674283,2778
"2023-12-21 21:00:00",1668,13.03,-3.256,674283,2778
"2023-12-22 00:00:00",1669,13.03,-3.407,674283,2778
"2023-12-22 03:00:00",1670,13.03,-3.751,674283,2778
"2023-12-22 06:00:00",1671,13.03,-4.139,674286,2778
"2023-12-22 09:00:00",1672,13.02,-4.291,674332,2778
"2023-12-22 12:00:00",1673,13.01,-4.853,674349,2778
"2023-12-22 15:00:00",1674,13.02,-5.766,674513,2779
"2023-12-22 18:00:00",1675,13.06,-6.446,674172,2777
"2023-12-22 21:00:00",1676,13.02,-6.599,674172,2777
"2023-12-23 00:00:00",1677,13.01,-6.995,674176,2777
"2023-12-23 03:00:00",1678,13,-6.972,674179,2777
"2023-12-23 06:00:00",1679,13,-6.819,674172,2777
"2023-12-23 09:00:00",1680,13,-6.466,674172,2777
"2023-12-23 12:00:00",1681,13,-6.313,674172,2777
"2023-12-23 15:00:00",1682,13,-6.599,674172,2777
"2023-12-23 18:00:00",1683,13.07,-6.952,674177,2777
"2023-12-23 21:00:00",1684,13.01,-7.261,674273,2778
"2023-12-24 00:00:00",1685,12.99,-7.505,673946,2776
"2023-12-24 03:00:00",1686,12.99,-7.616,674287,2778
"2023-12-24 06:00:00",1687,12.99,-7.483,674116,2777
"2023-12-24 09:00:00",1688,12.99,-7.194,674229,2777
"2023-12-24 12:00:00",1689,12.99,-6.929,674172,2777
"2023-12-24 15:00:00",1690,12.99,-6.753,674172,2777
"2023-12-24 18:00:00",1691,13.04,-6.204,674343,2778
"2023-12-24 21:00:00",1692,13,-5.612,674506,2779
"2023-12-25 00:00:00",1693,12.99,-5.199,674391,2778
"2023-12-25 03:00:00",1694,12.99,-4.962,674375,2778
"2023-12-25 06:00:00",1695,12.99,-4.982,674381,2778
"2023-12-25 09:00:00",1696,12.99,-4.962,674371,2778
"2023-12-25 12:00:00",1697,12.99,-4.939,674363,2778
"2023-12-25 15:00:00",1698,12.99,-5.113,674397,2778
"2023-12-25 18:00:00",1699,13.05,-5.395,674447,2778
"2023-12-25 21:00:00",1700,13,-5.244,674401,2778
"2023-12-26 00:00:00",1701,12.99,-5.113,674398,2778
"2023-12-26 03:00:00",1702,12.99,-4.873,674360,2778
"2023-12-26 06:00:00",1703,12.99,-4.699,674299,2778
"2023-12-26 09:00:00",1704,12.99,-4.505,674302,2778
"2023-12-26 12:00:00",1705,12.99,-4.333,674340,2778
"2023-12-26 15:00:00",1706,12.99,-4.268,674306,2778
"2023-12-26 18:00:00",1707,13.04,-4.225,674310,2778
"2023-12-26 21:00:00",1708,12.99,-4.245,674319,2778
"2023-12-27 00:00:00",1709,12.99,-4.397,674310,2778
"2023-12-27 03:00:00",1710,12.99,-4.614,674309,2778
"2023-12-27 06:00:00",1711,12.98,-4.765,674335,2778
"2023-12-27 09:00:00",1712,12.98,-5.047,674379,2778
"2023-12-27 12:00:00",1713,12.98,-5.07,674384,2778
"2023-12-27 15:00:00",1714,13.6,-4.808,674332,2778
"2023-12-27 18:00:00",1715,14.23,-4.528,674293,2778
"2023-12-27 21:00:00",1716,13.5,-4.982,674384,2778
"2023-12-28 00:00:00",1717,13.29,-5.483,674429,2778
"2023-12-28 03:00:00",1718,13.24,-5.635,674496,2779
"2023-12-28 06:00:00",1719,13.2,-5.592,674480,2779
"2023-12-28 09:00:00",1720,13.17,-5.395,674416,2778
"2023-12-28 12:00:00",1721,13.15,-5.592,674490,2779
"2023-12-28 15:00:00",1722,13.39,-6.247,674343,2778
"2023-12-28 18:00:00",1723,14.56,-6.159,674513,2779
"2023-12-28 21:00:00",1724,13.71,-6.27,674513,2779
"2023-12-29 00:00:00",1725,13.35,-6.577,674513,2779
"2023-12-29 03:00:00",1726,13.25,-7.327,674284,2778
"2023-12-29 06:00:00",1727,13.2,-9.55,674061,2777
"2023-12-29 09:00:00",1728,13.16,-10.21,674102,2777
"2023-12-29 12:00:00",1729,13.14,-10.67,674179,2777
"2023-12-29 15:00:00",1730,13.39,-11.11,674291,2778
"2023-12-29 18:00:00",1731,14.57,-10.44,674186,2777
"2023-12-29 21:00:00",1732,13.87,-10.93,674263,2778
"2023-12-30 00:00:00",1733,13.47,-11.7,674291,2778
"2023-12-30 03:00:00",1734,13.29,-12.05,674291,2778
"2023-12-30 06:00:00",1735,13.21,-12.62,674311,2778
"2023-12-30 09:00:00",1736,13.16,-12.93,674407,2778
"2023-12-30 12:00:00",1737,13.13,-13.22,674501,2779
"2023-12-30 15:00:00",1738,13.45,-13.54,674496,2779
"2023-12-30 18:00:00",1739,14.73,-13.37,674505,2779
"2023-12-30 21:00:00",1740,13.94,-13.42,674484,2779
"2023-12-31 00:00:00",1741,13.57,-13.93,674521,2779
"2023-12-31 03:00:00",1742,13.35,-14.13,674521,2779
"2023-12-31 06:00:00",1743,13.24,-13.27,674485,2779
"2023-12-31 09:00:00",1744,13.17,-12.48,674298,2778
"2023-12-31 12:00:00",1745,13.13,-11.96,674291,2778
"2023-12-31 15:00:00",1746,14.23,-12.01,674291,2778
"2023-12-31 18:00:00",1747,14.65,-11.77,674291,2778
"2023-12-31 21:00:00",1748,13.94,-11.79,674291,2778
"2024-01-01 00:00:00",1749,13.56,-10.49,674156,2777
"2024-01-01 03:00:00",1750,13.35,-9.78,674061,2777
"2024-01-01 06:00:00",1751,13.24,-9.43,674061,2777
"2024-01-01 09:00:00",1752,13.18,-9.32,674061,2777
"2024-01-01 12:00:00",1753,13.14,-9.03,674061,2777
"2024-01-01 15:00:00",1754,14.21,-8.94,674061,2777
"2024-01-01 18:00:00",1755,14.43,-8.15,674061,2777
"2024-01-01 21:00:00",1756,13.91,-7.304,674112,2777
"2024-01-02 00:00:00",1757,13.51,-6.731,674181,2777
"2024-01-02 03:00:00",1758,13.32,-6.313,674172,2777
"2024-01-02 06:00:00",1759,13.23,-6.005,674172,2777
"2024-01-02 09:00:00",1760,13.17,-6.093,674172,2777
"2024-01-02 12:00:00",1761,13.14,-6.665,674172,2777
"2024-01-02 15:00:00",1762,13.59,-6.972,674008,2776
"2024-01-02 18:00:00",1763,14.4,-6.841,674014,2776
"2024-01-02 21:00:00",1764,13.89,-8.13,674055,2777
"2024-01-03 00:00:00",1765,13.5,-7.659,673988,2776
"2024-01-03 03:00:00",1766,13.32,-6.27,674172,2777
"2024-01-03 06:00:00",1767,13.22,-6.401,674172,2777
"2024-01-03 09:00:00",1768,13.17,-7.795,674023,2777
"2024-01-03 12:00:00",1769,13.13,-8.69,674061,2777
"2024-01-03 15:00:00",1770,13.61,-8.28,674061,2777
"2024-01-03 18:00:00",1771,14.43,-7.395,673946,2776
"2024-01-03 21:00:00",1772,13.92,-6.577,673831,2776
"2024-01-04 00:00:00",1773,13.54,-6.753,673831,2776
"2024-01-04 03:00:00",1774,13.34,-6.642,673831,2776
"2024-01-04 06:00:00",1775,13.23,-6.489,673831,2776
"2024-01-04 09:00:00",1776,13.17,-6.358,673831,2776
"2024-01-04 12:00:00",1777,13.14,-6.423,673831,2776
"2024-01-04 15:00:00",1778,13.11,-6.378,673831,2776
"2024-01-04 18:00:00",1779,13.22,-6.423,673831,2776
"2024-01-04 21:00:00",1780,13.13,-6.841,673832,2776
"2024-01-05 00:00:00",1781,13.09,-7.415,673946,2776
"2024-01-05 03:00:00",1782,13.07,-7.815,674012,2776
"2024-01-05 06:00:00",1783,13.06,-8.31,674061,2777
"2024-01-05 09:00:00",1784,13.05,-8.8,674061,2777
"2024-01-05 12:00:00",1785,13.04,-8.76,674061,2777
"2024-01-05 15:00:00",1786,13.06,-8.44,674061,2777
"2024-01-05 18:00:00",1787,13.73,-8.08,674049,2777
"2024-01-05 21:00:00",1788,13.65,-7.171,673881,2776
"2024-01-06 00:00:00",1789,13.35,-6.642,673831,2776
"2024-01-06 03:00:00",1790,13.21,-6.313,673831,2776
"2024-01-06 06:00:00",1791,13.13,-5.985,673831,2776
"2024-01-06 09:00:00",1792,13.09,-5.94,673831,2776
"2024-01-06 12:00:00",1793,13.06,-5.221,673717,2775
"2024-01-06 15:00:00",1794,13.25,-3.859,673603,2775
"2024-01-06 18:00:00",1795,14.22,-2.314,673827,2776
"2024-01-06 21:00:00",1796,13.84,-1.437,673778,2775
"2024-01-07 00:00:00",1797,13.43,-0.99,673773,2775
"2024-01-07 03:00:00",1798,13.27,-0.33,674057,2777
"2024-01-07 06:00:00",1799,13.2,0.565,673939,2776
"2024-01-07 09:00:00",1800,13.15,1.159,673598,2775
"2024-01-07 12:00:00",1801,13.13,1.5,673568,2775
"2024-01-07 15:00:00",1802,13.21,1.841,673484,2774
"2024-01-07 18:00:00",1803,14.08,2.395,673476,2774
"2024-01-07 21:00:00",1804,13.78,2.311,673483,2774
"2024-01-08 00:00:00",1805,13.37,2.053,673483,2774
"2024-01-08 03:00:00",1806,13.24,2.076,673483,2774
"2024-01-08 06:00:00",1807,13.19,2.033,673483,2774
"2024-01-08 09:00:00",1808,13.15,1.712,673518,2774
"2024-01-08 12:00:00",1809,13.13,1.821,673488,2774
"2024-01-08 15:00:00",1810,14.22,2.162,673483,2774
"2024-01-08 18:00:00",1811,14.3,2.503,673443,2774
"2024-01-08 21:00:00",1812,13.77,1.712,673509,2774
"2024-01-09 00:00:00",1813,13.4,1.012,673427,2774
"2024-01-09 03:00:00",1814,13.25,0.903,673597,2775
"2024-01-09 06:00:00",1815,13.19,0.903,673257,2773
"2024-01-09 09:00:00",1816,13.15,1.373,673597,2775
"2024-01-09 12:00:00",1817,13.13,1.48,673587,2775
"2024-01-09 15:00:00",1818,13.55,1.5,673581,2775
"2024-01-09 18:00:00",1819,14.24,2.523,673447,2774
"2024-01-09 21:00:00",1820,13.82,2.033,673483,2774
"2024-01-10 00:00:00",1821,13.43,1.692,673159,2773
"2024-01-10 03:00:00",1822,13.27,2.245,673483,2774
"2024-01-10 06:00:00",1823,13.19,2.523,673477,2774
"2024-01-10 09:00:00",1824,13.15,2.46,673478,2774
"2024-01-10 12:00:00",1825,13.13,2.63,673438,2774
"2024-01-10 15:00:00",1826,13.48,1.606,673224,2773
"2024-01-10 18:00:00",1827,14.3,1.012,673257,2773
"2024-01-10 21:00:00",1828,13.96,0.648,673257,2773
"2024-01-11 00:00:00",1829,13.54,-0.373,673415,2774
"2024-01-11 03:00:00",1830,13.33,-0.35,673380,2774
"2024-01-11 06:00:00",1831,13.22,-0.118,673361,2774
"2024-01-11 09:00:00",1832,13.15,-0.436,673378,2774
"2024-01-11 12:00:00",1833,13.11,-1.48,673452,2774
"2024-01-11 15:00:00",1834,13.22,-1.927,673486,2774
"2024-01-11 18:00:00",1835,14.33,-2.162,673486,2774
"2024-01-11 21:00:00",1836,13.91,-3.256,673601,2775
"2024-01-12 00:00:00",1837,13.59,-4.074,673619,2775
"2024-01-12 03:00:00",1838,13.38,-4.548,673633,2775
"2024-01-12 06:00:00",1839,13.25,-5.612,673831,2776
"2024-01-12 09:00:00",1840,13.15,-4.831,673689,2775
"2024-01-12 12:00:00",1841,13.09,-6.423,673490,2774
"2024-01-12 15:00:00",1842,13.2,-7.194,673261,2773
"2024-01-12 18:00:00",1843,14.39,-3.879,673620,2775
"2024-01-12 21:00:00",1844,13.96,-4.182,673615,2775
"2024-01-13 00:00:00",1845,13.67,-5.854,673660,2775
"2024-01-13 03:00:00",1846,13.45,-4.873,673679,2775
"2024-01-13 06:00:00",1847,13.29,-4.485,673474,2774
"2024-01-13 09:00:00",1848,13.18,-2.099,673486,2774
"2024-01-13 12:00:00",1849,13.12,0.969,673257,2773
"2024-01-13 15:00:00",1850,13.44,2.46,673465,2774
"2024-01-13 18:00:00",1851,14.22,3.357,673368,2774
"2024-01-13 21:00:00",1852,13.84,3.827,673368,2774
"2024-01-14 00:00:00",1853,13.49,4.021,673368,2774
"2024-01-14 03:00:00",1854,13.3,4.213,673368,2774
"2024-01-14 06:00:00",1855,13.19,3.956,673368,2774
"2024-01-14 09:00:00",1856,13.14,2.887,673369,2774
"2024-01-14 12:00:00",1857,13.1,1.99,673325,2774
"2024-01-14 15:00:00",1858,13.21,1.798,673180,2773
"2024-01-14 18:00:00",1859,14.18,2.119,673483,2774
"2024-01-14 21:00:00",1860,13.89,1.821,673498,2774
"2024-01-15 00:00:00",1861,13.55,1.288,673257,2773
"2024-01-15 03:00:00",1862,13.35,0.585,673257,2773
"2024-01-15 06:00:00",1863,13.22,0.393,673257,2773
"2024-01-15 09:00:00",1864,13.14,0.565,673257,2773
"2024-01-15 12:00:00",1865,13.09,0.309,673257,2773
"2024-01-15 15:00:00",1866,13.61,-0.861,673447,2774
"2024-01-15 18:00:00",1867,14.21,-0.287,673398,2774
"2024-01-15 21:00:00",1868,14,-0.712,673416,2774
"2024-01-16 00:00:00",1869,13.66,-2.205,673487,2774
"2024-01-16 03:00:00",1870,13.44,0.203,673257,2773
"2024-01-16 06:00:00",1871,13.28,-0.012,673277,2773
"2024-01-16 09:00:00",1872,13.17,-0.267,673369,2774
"2024-01-16 12:00:00",1873,13.1,-0.542,673443,2774
"2024-01-16 15:00:00",1874,14.25,-0.201,673388,2774
"2024-01-16 18:00:00",1875,14.21,0.585,673257,2773
"2024-01-16 21:00:00",1876,13.98,-0.052,673300,2773
"2024-01-17 00:00:00",1877,13.65,-0.393,673403,2774
"2024-01-17 03:00:00",1878,13.43,0.138,673257,2773
"2024-01-17 06:00:00",1879,13.28,-0.181,673328,2774
"2024-01-17 09:00:00",1880,13.17,-0.052,673294,2773
"2024-01-17 12:00:00",1881,13.1,-0.224,673381,2774
"2024-01-17 15:00:00",1882,14.36,-0.904,673426,2774
"2024-01-17 18:00:00",1883,14.15,2.033,673483,2774
"2024-01-17 21:00:00",1884,14.01,0.501,673257,2773
"2024-01-18 00:00:00",1885,13.68,-0.99,673423,2774
"2024-01-18 03:00:00",1886,13.47,-0.244,673385,2774
"2024-01-18 06:00:00",1887,13.3,0.691,673257,2773
"2024-01-18 09:00:00",1888,13.19,0.542,673257,2773
"2024-01-18 12:00:00",1889,13.11,-1.331,673417,2774
"2024-01-18 15:00:00",1890,13.96,-3.213,673601,2775
"2024-01-18 18:00:00",1891,14.39,-3.879,673613,2775
"2024-01-18 21:00:00",1892,13.96,-4.44,673622,2775
"2024-01-19 00:00:00",1893,13.7,-4.679,673656,2775
"2024-01-19 03:00:00",1894,13.51,-4.593,673627,2775
"2024-01-19 06:00:00",1895,13.35,-3.988,673612,2775
"2024-01-19 09:00:00",1896,13.21,-3.256,673601,2775
"2024-01-19 12:00:00",1897,13.11,-3.385,673601,2775
"2024-01-19 15:00:00",1898,14.54,-3.859,673601,2775
"2024-01-19 18:00:00",1899,14.3,-2.72,673555,2775
"2024-01-19 21:00:00",1900,14.01,-2.935,673601,2775
"2024-01-20 00:00:00",1901,13.73,-2.955,673601,2775
"2024-01-20 03:00:00",1902,13.53,-3.193,673601,2775
"2024-01-20 06:00:00",1903,13.36,-3.728,673601,2775
"2024-01-20 09:00:00",1904,13.22,-4.873,673687,2775
"2024-01-20 12:00:00",1905,13.11,-6.972,673201,2773
"2024-01-20 15:00:00",1906,13.7,-8.53,673378,2774
"2024-01-20 18:00:00",1907,14.55,-5.592,673820,2776
"2024-01-20 21:00:00",1908,14.12,-5.133,673685,2775
"2024-01-21 00:00:00",1909,13.83,-9.73,673391,2774
"2024-01-21 03:00:00",1910,13.64,-11.93,673608,2775
"2024-01-21 06:00:00",1911,13.48,-13.56,673497,2774
"2024-01-21 09:00:00",1912,13.33,-14.32,673497,2774
"2024-01-21 12:00:00",1913,13.2,-14.82,673497,2774
"2024-01-21 15:00:00",1914,13.99,-15.39,673612,2775
"2024-01-21 18:00:00",1915,14.59,-10.91,673608,2775
"2024-01-21 21:00:00",1916,14.16,-10.44,673394,2774
"2024-01-22 00:00:00",1917,13.91,-13.76,673497,2774
"2024-01-22 03:00:00",1918,13.73,-14.69,673497,2774
"2024-01-22 06:00:00",1919,13.57,-13.47,673818,2776
"2024-01-22 09:00:00",1920,13.42,-12.24,673609,2775
"2024-01-22 12:00:00",1921,13.28,-11.25,673608,2775
"2024-01-22 15:00:00",1922,14.74,-11.51,673608,2775
"2024-01-22 18:00:00",1923,14.51,-11.09,673608,2775
"2024-01-22 21:00:00",1924,14.15,-9.43,673379,2774
"2024-01-23 00:00:00",1925,13.88,-10.14,673393,2774
"2024-01-23 03:00:00",1926,13.7,-9.73,673379,2774
"2024-01-23 06:00:00",1927,13.53,-9.1,673379,2774
"2024-01-23 09:00:00",1928,13.38,-8.31,673379,2774
"2024-01-23 12:00:00",1929,13.25,-7.815,673304,2773
"2024-01-23 15:00:00",1930,13.16,-7.438,673263,2773
"2024-01-23 18:00:00",1931,13.61,-7.372,673262,2773
"2024-01-23 21:00:00",1932,13.73,-7.86,673322,2774
"2024-01-24 00:00:00",1933,13.55,-10.67,673600,2775
"2024-01-24 03:00:00",1934,13.39,-11.32,673608,2775
"2024-01-24 06:00:00",1935,13.25,-13.49,673665,2775
"2024-01-24 09:00:00",1936,13.12,-14.2,673497,2774
"2024-01-24 12:00:00",1937,13.02,-12.65,673699,2775
"2024-01-24 15:00:00",1938,13.04,-13.3,673457,2774
"2024-01-24 18:00:00",1939,13.59,-10.81,673589,2775
"2024-01-24 21:00:00",1940,13.72,-12.08,673608,2775
"2024-01-25 00:00:00",1941,13.55,-15.55,673619,2775
"2024-01-25 03:00:00",1942,13.39,-17.62,673500,2774
"2024-01-25 06:00:00",1943,13.24,-18.34,673510,2774
"2024-01-25 09:00:00",1944,13.1,-19.33,673615,2775
"2024-01-25 12:00:00",1945,12.99,-19.78,673618,2775
"2024-01-25 15:00:00",1946,12.97,-20,673642,2775
"2024-01-25 18:00:00",1947,13.77,-16.52,673272,2773
"2024-01-25 21:00:00",1948,13.8,-16.28,673298,2773
"2024-01-26 00:00:00",1949,13.62,-20.37,673730,2775
"2024-01-26 03:00:00",1950,13.46,-21.92,673477,2774
"2024-01-26 06:00:00",1951,13.31,-19.27,673616,2775
"2024-01-26 09:00:00",1952,13.17,-19.22,673615,2775
"2024-01-26 12:00:00",1953,13.04,-20.25,673708,2775
"2024-01-26 15:00:00",1954,13.1,-20.37,673730,2775
"2024-01-26 18:00:00",1955,14.73,-14.72,673498,2774
"2024-01-26 21:00:00",1956,14.03,-14.3,673497,2774
"2024-01-27 00:00:00",1957,13.8,-18.91,673615,2775
"2024-01-27 03:00:00",1958,13.64,-20.23,673730,2775
"2024-01-27 06:00:00",1959,13.49,-20.98,673731,2775
"2024-01-27 09:00:00",1960,13.33,-21.77,673405,2774
"2024-01-27 12:00:00",1961,13.19,-22.22,673504,2774
"2024-01-27 15:00:00",1962,13.27,-22.25,673503,2774
"2024-01-27 18:00:00",1963,14.56,-18.78,673561,2775
"2024-01-27 21:00:00",1964,14.1,-17.83,673405,2774
"2024-01-28 00:00:00",1965,13.85,-19.05,673600,2775
"2024-01-28 03:00:00",1966,13.69,-19.72,673616,2775
"2024-01-28 06:00:00",1967,13.53,-20.54,673730,2775
"2024-01-28 09:00:00",1968,13.38,-21.56,673410,2774
"2024-01-28 12:00:00",1969,13.23,-22.22,673489,2774
"2024-01-28 15:00:00",1970,13.42,-22.52,673548,2774
"2024-01-28 18:00:00",1971,14.86,-17.94,673474,2774
"2024-01-28 21:00:00",1972,14.19,-17.67,673384,2774
"2024-01-29 00:00:00",1973,13.91,-22.83,673277,2773
"2024-01-29 03:00:00",1974,13.74,-24.69,673481,2774
"2024-01-29 06:00:00",1975,13.59,-25.66,673507,2774
"2024-01-29 09:00:00",1976,13.44,-24.31,673391,2774
"2024-01-29 12:00:00",1977,13.29,-24.05,673308,2773
"2024-01-29 15:00:00",1978,13.78,-21.92,673394,2774
"2024-01-29 18:00:00",1979,14.82,-17.72,673459,2774
"2024-01-29 21:00:00",1980,14.49,-16.11,673270,2773
"2024-01-30 00:00:00",1981,13.94,-19.41,673615,2775
"2024-01-30 03:00:00",1982,13.77,-21.27,673391,2774
"2024-01-30 06:00:00",1983,13.62,-21.35,673397,2774
"2024-01-30 09:00:00",1984,13.47,-21.86,673398,2774
"2024-01-30 12:00:00",1985,13.32,-22.43,673217,2773
"2024-01-30 15:00:00",1986,14.95,-22.52,673437,2774
"2024-01-30 18:00:00",1987,14.72,-19.08,673616,2775
"2024-01-30 21:00:00",1988,14.74,-18.29,673500,2774
"2024-01-31 00:00:00",1989,13.97,-19.27,673615,2775
"2024-01-31 03:00:00",1990,13.81,-18.37,673500,2774
"2024-01-31 06:00:00",1991,13.65,-16.49,673270,2773
"2024-01-31 09:00:00",1992,13.5,-15.49,673264,2773
"2024-01-31 12:00:00",1993,13.36,-13.93,673497,2774
"2024-01-31 15:00:00",1994,13.24,-11.07,673608,2775
"2024-01-31 18:00:00",1995,13.47,-8.55,673379,2774
"2024-01-31 21:00:00",1996,13.5,-5.678,673441,2774
"2024-02-01 00:00:00",1997,13.34,-5.178,673702,2775
"2024-02-01 03:00:00",1998,13.21,-5.592,673148,2773
"2024-02-01 06:00:00",1999,13.09,-5.874,673148,2773
"2024-02-01 09:00:00",2000,13.01,-6.378,673148,2773
"2024-02-01 12:00:00",2001,12.96,-6.907,673177,2773
"2024-02-01 15:00:00",2002,12.93,-7.35,673258,2773
"2024-02-01 18:00:00",2003,12.92,-7.659,673280,2773
"2024-02-01 21:00:00",2004,12.91,-7.905,673369,2774
"2024-02-02 00:00:00",2005,12.91,-8.35,673378,2774
"2024-02-02 03:00:00",2006,12.9,-8.94,673378,2774
"2024-02-02 06:00:00",2007,12.9,-9.46,673378,2774
"2024-02-02 09:00:00",2008,12.89,-9.94,673380,2774
"2024-02-02 12:00:00",2009,12.89,-10.4,673500,2774
"2024-02-02 15:00:00",2010,12.89,-10.79,673603,2775
"2024-02-02 18:00:00",2011,12.88,-11.04,673608,2775
"2024-02-02 21:00:00",2012,12.88,-11.23,673608,2775
"2024-02-03 00:00:00",2013,12.88,-11.42,673608,2775
"2024-02-03 03:00:00",2014,12.88,-11.58,673608,2775
"2024-02-03 06:00:00",2015,12.88,-11.65,673608,2775
"2024-02-03 09:00:00",2016,12.88,-11.84,673608,2775
"2024-02-03 12:00:00",2017,12.88,-12.17,673608,2775
"2024-02-03 15:00:00",2018,12.88,-12.6,673692,2775
"2024-02-03 18:00:00",2019,12.9,-12.96,673802,2776
"2024-02-03 21:00:00",2020,12.88,-13.1,673814,2776
"2024-02-04 00:00:00",2021,12.88,-13.27,673787,2776
"2024-02-04 03:00:00",2022,12.88,-13.47,673804,2776
"2024-02-04 06:00:00",2023,12.88,-13.71,673838,2776
"2024-02-04 09:00:00",2024,12.88,-14,673838,2776
"2024-02-04 12:00:00",2025,12.88,-14.25,673838,2776
"2024-02-04 15:00:00",2026,12.88,-14.47,673838,2776
"2024-02-04 18:00:00",2027,12.89,-14.47,673838,2776
"2024-02-04 21:00:00",2028,12.88,-14.4,673838,2776
"2024-02-05 00:00:00",2029,12.88,-14.4,673838,2776
"2024-02-05 03:00:00",2030,12.88,-14.47,673838,2776
"2024-02-05 06:00:00",2031,12.88,-14.62,673838,2776
"2024-02-05 09:00:00",2032,12.87,-14.79,673838,2776
"2024-02-05 12:00:00",2033,12.88,-15.02,673838,2776
"2024-02-05 15:00:00",2034,12.87,-15.17,673850,2776
"2024-02-05 18:00:00",2035,12.9,-15.12,673839,2776
"2024-02-05 21:00:00",2036,12.88,-14.87,673839,2776
"2024-02-06 00:00:00",2037,12.88,-14.69,673839,2776
"2024-02-06 03:00:00",2038,12.88,-14.67,673839,2776
"2024-02-06 06:00:00",2039,12.88,-14.67,673839,2776
"2024-02-06 09:00:00",2040,12.88,-14.67,673839,2776
"2024-02-06 12:00:00",2041,12.88,-14.72,673839,2776
"2024-02-06 15:00:00",2042,12.88,-14.74,673839,2776
"2024-02-06 18:00:00",2043,12.91,-14.57,673839,2776
"2024-02-06 21:00:00",2044,12.89,-14.25,673839,2776
"2024-02-07 00:00:00",2045,12.88,-14.03,673839,2776
"2024-02-07 03:00:00",2046,12.88,-13.78,673829,2776
"2024-02-07 06:00:00",2047,12.88,-13.47,673821,2776
"2024-02-07 09:00:00",2048,12.89,-13.08,673813,2776
"2024-02-07 12:00:00",2049,12.88,-12.67,673704,2775
"2024-02-07 15:00:00",2050,12.89,-12.29,673610,2775
"2024-02-07 18:00:00",2051,12.91,-11.82,673608,2775
"2024-02-07 21:00:00",2052,12.9,-11.3,674121,2777
"2024-02-08 00:00:00",2053,12.89,-11.14,674291,2778
"2024-02-08 03:00:00",2054,12.9,-11.07,674291,2778
"2024-02-08 06:00:00",2055,12.9,-10.93,674291,2778
"2024-02-08 09:00:00",2056,12.9,-10.79,674265,2778
"2024-02-08 12:00:00",2057,12.9,-10.63,674221,2777
"2024-02-08 15:00:00",2058,12.9,-10.35,674131,2777
"2024-02-08 18:00:00",2059,12.92,-9.94,674061,2777
"2024-02-08 21:00:00",2060,12.91,-9.53,674061,2777
"2024-02-09 00:00:00",2061,12.91,-9.32,674061,2777
"2024-02-09 03:00:00",2062,12.91,-9.43,674061,2777
"2024-02-09 06:00:00",2063,12.91,-9.75,674061,2777
"2024-02-09 09:00:00",2064,12.9,-10.21,674091,2777
"2024-02-09 12:00:00",2065,12.9,-10.63,674223,2777
"2024-02-09 15:00:00",2066,12.91,-11,674287,2778
"2024-02-09 18:00:00",2067,12.93,-11.14,674291,2778
"2024-02-09 21:00:00",2068,12.91,-11.14,674291,2778
"2024-02-10 00:00:00",2069,12.9,-11.16,674291,2778
"2024-02-10 03:00:00",2070,12.9,-11.25,674291,2778
"2024-02-10 06:00:00",2071,12.89,-11.28,674291,2778
"2024-02-10 09:00:00",2072,12.89,-11.23,674291,2778
"2024-02-10 12:00:00",2073,12.89,-11.21,674291,2778
"2024-02-10 15:00:00",2074,12.89,-11.14,674291,2778
"2024-02-10 18:00:00",2075,12.94,-10.86,674288,2778
"2024-02-10 21:00:00",2076,12.91,-10.51,674182,2777
"2024-02-11 00:00:00",2077,12.9,-10.49,674152,2777
"2024-02-11 03:00:00",2078,12.9,-10.65,674204,2777
"2024-02-11 06:00:00",2079,12.89,-11.11,674291,2778
"2024-02-11 09:00:00",2080,12.89,-11.79,674120,2777
"2024-02-11 12:00:00",2081,12.89,-12.46,674325,2778
"2024-02-11 15:00:00",2082,12.9,-13.03,673793,2776
"2024-02-11 18:00:00",2083,12.98,-13.2,674001,2776
"2024-02-11 21:00:00",2084,12.93,-13.01,673971,2776
"2024-02-12 00:00:00",2085,12.9,-12.98,673783,2776
"2024-02-12 03:00:00",2086,12.89,-13.08,673984,2776
"2024-02-12 06:00:00",2087,12.89,-13.1,673943,2776
"2024-02-12 09:00:00",2088,12.89,-12.93,673930,2776
"2024-02-12 12:00:00",2089,12.88,-12.62,674005,2776
"2024-02-12 15:00:00",2090,12.89,-12.29,674291,2778
"2024-02-12 18:00:00",2091,12.95,-11.72,674291,2778
"2024-02-12 21:00:00",2092,12.92,-11.02,674291,2778
"2024-02-13 00:00:00",2093,12.89,-10.56,674192,2777
"2024-02-13 03:00:00",2094,12.89,-10.1,674063,2777
"2024-02-13 06:00:00",2095,12.89,-9.62,674061,2777
"2024-02-13 09:00:00",2096,12.89,-9.12,674061,2777
"2024-02-13 12:00:00",2097,12.9,-8.62,674061,2777
"2024-02-13 15:00:00",2098,12.9,-8.11,674061,2777
"2024-02-13 18:00:00",2099,12.94,-7.505,673946,2776
"2024-02-13 21:00:00",2100,12.91,-6.929,673837,2776
"2024-02-14 00:00:00",2101,12.9,-6.665,673831,2776
"2024-02-14 03:00:00",2102,12.9,-6.577,673831,2776
"2024-02-14 06:00:00",2103,12.91,-6.554,673831,2776
"2024-02-14 09:00:00",2104,12.91,-6.554,673831,2776
"2024-02-14 12:00:00",2105,12.91,-6.642,673831,2776
"2024-02-14 15:00:00",2106,12.91,-6.688,673831,2776
"2024-02-14 18:00:00",2107,12.94,-6.466,673831,2776
"2024-02-14 21:00:00",2108,12.91,-6.224,673831,2776
"2024-02-15 00:00:00",2109,12.91,-6.292,673831,2776
"2024-02-15 03:00:00",2110,12.91,-6.577,673831,2776
"2024-02-15 06:00:00",2111,12.9,-6.665,673831,2776
"2024-02-15 09:00:00",2112,12.9,-6.446,673831,2776
"2024-02-15 12:00:00",2113,12.91,-5.897,674172,2777
"2024-02-15 15:00:00",2114,13.12,-5.657,674165,2777
"2024-02-15 18:00:00",2115,14.29,-4.808,674334,2778
"2024-02-15 21:00:00",2116,13.33,-4.831,674168,2777
"2024-02-16 00:00:00",2117,13.22,-5.199,674056,2777
"2024-02-16 03:00:00",2118,13.16,-5.178,673715,2775
"2024-02-16 06:00:00",2119,13.12,-4.788,673660,2775
"2024-02-16 09:00:00",2120,13.08,-4.376,673286,2773
"2024-02-16 12:00:00",2121,13.04,-4.202,673463,2774
"2024-02-16 15:00:00",2122,13.01,-3.965,673613,2775
"2024-02-16 18:00:00",2123,13.04,-3.708,673601,2775
"2024-02-16 21:00:00",2124,13.03,-3.385,673601,2775
"2024-02-17 00:00:00",2125,12.97,-3.556,673601,2775
"2024-02-17 03:00:00",2126,12.95,-3.493,673601,2775
"2024-02-17 06:00:00",2127,12.94,-3.47,673601,2775
"2024-02-17 09:00:00",2128,12.94,-2.912,673594,2775
"2024-02-17 12:00:00",2129,12.93,-2.271,673486,2774
"2024-02-17 15:00:00",2130,14.22,-1.5,673480,2774
"2024-02-17 18:00:00",2131,14.1,1.224,673257,2773
"2024-02-17 21:00:00",2132,14.14,1.927,673143,2773
"2024-02-18 00:00:00",2133,13.42,1.672,673159,2773
"2024-02-18 03:00:00",2134,13.29,0.926,673257,2773
"2024-02-18 06:00:00",2135,13.24,0.565,673257,2773
"2024-02-18 09:00:00",2136,13.21,0.926,673257,2773
"2024-02-18 12:00:00",2137,13.19,0.883,673257,2773
"2024-02-18 15:00:00",2138,14.13,1.649,673169,2773
"2024-02-18 18:00:00",2139,14.08,3.42,673028,2772
"2024-02-18 21:00:00",2140,14.22,4.342,673368,2774
"2024-02-19 00:00:00",2141,13.56,2.523,673129,2773
"2024-02-19 03:00:00",2142,13.32,2.268,673142,2773
"2024-02-19 06:00:00",2143,13.23,1.649,673153,2773
"2024-02-19 09:00:00",2144,13.19,1.032,673257,2773
"2024-02-19 12:00:00",2145,13.16,1.629,673163,2773
"2024-02-19 15:00:00",2146,14.24,0.863,673257,2773
"2024-02-19 18:00:00",2147,14.12,2.438,673142,2773
"2024-02-19 21:00:00",2148,14.3,2.311,673139,2773
"2024-02-20 00:00:00",2149,13.66,0.757,673257,2773
"2024-02-20 03:00:00",2150,13.4,-0.287,673378,2774
"2024-02-20 06:00:00",2151,13.26,-2.677,673571,2775
"2024-02-20 09:00:00",2152,13.18,-3.213,673260,2773
"2024-02-20 12:00:00",2153,13.13,-2.698,673530,2774
"2024-02-20 15:00:00",2154,14.21,-1.076,673420,2774
"2024-02-20 18:00:00",2155,14.21,1.267,673257,2773
"2024-02-20 21:00:00",2156,14.23,2.203,673132,2773
"2024-02-21 00:00:00",2157,13.81,-0.393,673380,2774
"2024-02-21 03:00:00",2158,13.53,-1.417,673457,2774
"2024-02-21 06:00:00",2159,13.34,-1.437,673436,2774
"2024-02-21 09:00:00",2160,13.22,-1.268,673422,2774
"2024-02-21 12:00:00",2161,13.15,-1.245,673439,2774
"2024-02-21 15:00:00",2162,14.26,-1.48,673452,2774
"2024-02-21 18:00:00",2163,14.1,6.416,673139,2773
"2024-02-21 21:00:00",2164,14.33,6.766,673479,2774
"2024-02-22 00:00:00",2165,13.83,-0.692,673397,2774
"2024-02-22 03:00:00",2166,13.56,-2.442,673538,2774
"2024-02-22 06:00:00",2167,13.37,-4.311,673289,2773
"2024-02-22 09:00:00",2168,13.24,-5.788,673148,2773
"2024-02-22 12:00:00",2169,13.15,-6.423,673148,2773
"2024-02-22 15:00:00",2170,13.52,-6.642,673170,2773
"2024-02-22 18:00:00",2171,14.47,-6.224,673149,2773
"2024-02-22 21:00:00",2172,14.22,-6.688,673169,2773
"2024-02-23 00:00:00",2173,13.85,-8.19,673378,2774
"2024-02-23 03:00:00",2174,13.63,-9.98,673391,2774
"2024-02-23 06:00:00",2175,13.45,-11.56,673438,2774
"2024-02-23 09:00:00",2176,13.3,-12.81,673469,2774
"2024-02-23 12:00:00",2177,13.18,-13.61,673495,2774
"2024-02-23 15:00:00",2178,14.56,-11.63,673447,2774
"2024-02-23 18:00:00",2179,14.46,-3.041,673602,2775
"2024-02-23 21:00:00",2180,14.26,-2.291,673486,2774
"2024-02-24 00:00:00",2181,13.91,-9.48,673378,2774
"2024-02-24 03:00:00",2182,13.7,-12.12,673282,2773
"2024-02-24 06:00:00",2183,13.52,-12.5,673341,2774
"2024-02-24 09:00:00",2184,13.37,-12.43,673348,2774
"2024-02-24 12:00:00",2185,13.23,-11.09,673608,2775
"2024-02-24 15:00:00",2186,14.55,-8.13,673379,2774
"2024-02-24 18:00:00",2187,14.35,-4.462,673279,2773
"2024-02-24 21:00:00",2188,14.55,-3.213,673601,2775
"2024-02-25 00:00:00",2189,13.9,-3.988,673616,2775
"2024-02-25 03:00:00",2190,13.66,-3.665,673260,2773
"2024-02-25 06:00:00",2191,13.48,-2.935,673414,2774
"2024-02-25 09:00:00",2192,13.32,-2.42,673486,2774
"2024-02-25 12:00:00",2193,13.2,-1.907,673486,2774
"2024-02-25 15:00:00",2194,13.27,-1.735,673486,2774
"2024-02-25 18:00:00",2195,13.46,-1.48,673465,2774
"2024-02-25 21:00:00",2196,13.54,-0.734,673440,2774
"2024-02-26 00:00:00",2197,13.35,-0.563,673406,2774
"2024-02-26 03:00:00",2198,13.22,-0.542,673428,2774
"2024-02-26 06:00:00",2199,13.13,-0.692,673431,2774
"2024-02-26 09:00:00",2200,13.08,-1.586,673478,2774
"2024-02-26 12:00:00",2201,13.06,-2.955,673601,2775
"2024-02-26 15:00:00",2202,13.16,-3.536,673601,2775
"2024-02-26 18:00:00",2203,13.65,-2.935,673599,2775
"2024-02-26 21:00:00",2204,13.8,-3.107,673601,2775
"2024-02-27 00:00:00",2205,13.55,-4.182,673620,2775
"2024-02-27 03:00:00",2206,13.36,-5.526,673105,2773
"2024-02-27 06:00:00",2207,13.22,-6.532,673148,2773
"2024-02-27 09:00:00",2208,13.11,-6.665,673148,2773
"2024-02-27 12:00:00",2209,13.05,-7.106,673170,2773
"2024-02-27 15:00:00",2210,13.23,-7.526,673263,2773
"2024-02-27 18:00:00",2211,13.82,-6.073,673149,2773
"2024-02-27 21:00:00",2212,13.88,-4.939,673529,2774
"2024-02-28 00:00:00",2213,13.63,-5.221,673374,2774
"2024-02-28 03:00:00",2214,13.44,-5.743,673148,2773
"2024-02-28 06:00:00",2215,13.29,-5.831,673148,2773
"2024-02-28 09:00:00",2216,13.16,-5.7,673148,2773
"2024-02-28 12:00:00",2217,13.07,-5.569,673138,2773
"2024-02-28 15:00:00",2218,13.08,-5.569,673306,2773
"2024-02-28 18:00:00",2219,13.3,-5.156,673201,2773
"2024-02-28 21:00:00",2220,13.47,-4.593,673623,2775
"2024-02-29 00:00:00",2221,13.27,-5.07,673202,2773
"2024-02-29 03:00:00",2222,13.14,-6.313,673148,2773
"2024-02-29 06:00:00",2223,13.05,-7.815,673323,2774
"2024-02-29 09:00:00",2224,13.01,-8.87,673378,2774
"2024-02-29 12:00:00",2225,12.99,-9.32,673378,2774
"2024-02-29 15:00:00",2226,13.09,-9.43,673378,2774
"2024-02-29 18:00:00",2227,13.45,-8.4,673378,2774
"2024-02-29 21:00:00",2228,13.47,-7.35,673247,2773
"2024-03-01 00:00:00",2229,13.28,-7.151,673186,2773
"2024-03-01 03:00:00",2230,13.14,-6.708,673149,2773
"2024-03-01 06:00:00",2231,13.05,-6.028,673149,2773
"2024-03-01 09:00:00",2232,13,-4.939,673519,2774
"2024-03-01 12:00:00",2233,12.99,-3.751,673601,2775
"2024-03-01 15:00:00",2234,13.15,-3.107,673431,2774
"2024-03-01 18:00:00",2235,13.53,-2.549,673495,2774
"2024-03-01 21:00:00",2236,13.67,-2.483,673487,2774
"2024-03-02 00:00:00",2237,13.44,-2.784,673562,2775
"2024-03-02 03:00:00",2238,13.26,-3.17,673431,2774
"2024-03-02 06:00:00",2239,13.14,-3.342,673601,2775
"2024-03-02 09:00:00",2240,13.05,-4.182,673468,2774
"2024-03-02 12:00:00",2241,13.01,-4.485,673279,2773
"2024-03-02 15:00:00",2242,14.44,-4.896,673030,2772
"2024-03-02 18:00:00",2243,14.37,-3.47,673431,2774
"2024-03-02 21:00:00",2244,14.25,-2.955,673526,2774
"2024-03-03 00:00:00",2245,13.86,-7.261,673249,2773
"2024-03-03 03:00:00",2246,13.63,-9.23,673378,2774
"2024-03-03 06:00:00",2247,13.45,-9.46,673378,2774
"2024-03-03 09:00:00",2248,13.3,-9.71,673378,2774
"2024-03-03 12:00:00",2249,13.17,-10.6,673518,2774
"2024-03-03 15:00:00",2250,13.63,-10.1,673394,2774
"2024-03-03 18:00:00",2251,14.42,-7.815,673289,2773
"2024-03-03 21:00:00",2252,14.34,-8.15,673334,2774
"2024-03-04 00:00:00",2253,13.92,-10.05,673378,2774
"2024-03-04 03:00:00",2254,13.7,-11.63,673608,2775
"2024-03-04 06:00:00",2255,13.52,-11.72,673438,2774
"2024-03-04 09:00:00",2256,13.36,-11.44,673608,2775
"2024-03-04 12:00:00",2257,13.23,-11.63,673267,2773
"2024-03-04 15:00:00",2258,14.45,-10.4,673569,2775
"2024-03-04 18:00:00",2259,14.51,-6.093,673149,2773
"2024-03-04 21:00:00",2260,14.25,-7.017,673148,2773
"2024-03-05 00:00:00",2261,13.97,-9.91,673378,2774
"2024-03-05 03:00:00",2262,13.75,-10.4,673416,2774
"2024-03-05 06:00:00",2263,13.57,-11.37,673608,2775
"2024-03-05 09:00:00",2264,13.41,-11.91,673438,2774
"2024-03-05 12:00:00",2265,13.27,-12.05,673438,2774
"2024-03-05 15:00:00",2266,14.36,-10.07,673405,2774
"2024-03-05 18:00:00",2267,14.45,-5.809,673149,2773
"2024-03-05 21:00:00",2268,14.58,-4.505,673448,2774
"2024-03-06 00:00:00",2269,13.96,-7.171,673167,2773
"2024-03-06 03:00:00",2270,13.73,-8.69,673378,2774
"2024-03-06 06:00:00",2271,13.55,-10.7,673541,2774
"2024-03-06 09:00:00",2272,13.39,-11.75,673267,2773
"2024-03-06 12:00:00",2273,13.26,-12.01,673267,2773
"2024-03-06 15:00:00",2274,14.6,-10.91,673608,2775
"2024-03-06 18:00:00",2275,14.37,-6.159,673149,2773
"2024-03-06 21:00:00",2276,14.39,-4.202,673619,2775
"2024-03-07 00:00:00",2277,13.93,-5.526,673056,2772
"2024-03-07 03:00:00",2278,13.71,-6.27,673148,2773
"2024-03-07 06:00:00",2279,13.53,-6.907,673149,2773
"2024-03-07 09:00:00",2280,13.37,-6.995,673166,2773
"2024-03-07 12:00:00",2281,13.23,-6.952,673153,2773
"2024-03-07 15:00:00",2282,13.59,-6.446,673149,2773
"2024-03-07 18:00:00",2283,14.38,-4.548,673105,2773
"2024-03-07 21:00:00",2284,14.24,-3.816,673601,2775
"2024-03-08 00:00:00",2285,13.87,-4.699,672987,2772
"2024-03-08 03:00:00",2286,13.65,-4.051,673474,2774
"2024-03-08 06:00:00",2287,13.48,-3.879,673276,2773
"2024-03-08 09:00:00",2288,13.32,-4.462,673271,2773
"2024-03-08 12:00:00",2289,13.21,-5.025,673026,2772
"2024-03-08 15:00:00",2290,14.44,-4.397,673003,2772
"2024-03-08 18:00:00",2291,14.14,0.458,673277,2773
"2024-03-08 21:00:00",2292,14.34,-0.201,673341,2774
"2024-03-09 00:00:00",2293,13.94,-4.051,673487,2774
"2024-03-09 03:00:00",2294,13.71,-5.547,673140,2773
"2024-03-09 06:00:00",2295,13.53,-8.02,673347,2774
"2024-03-09 09:00:00",2296,13.37,-10.19,673380,2774
"2024-03-09 12:00:00",2297,13.27,-8.78,673379,2774
"2024-03-09 15:00:00",2298,14.49,-7.35,673261,2773
"2024-03-09 18:00:00",2299,14.22,-2.506,673577,2775
"2024-03-09 21:00:00",2300,14.3,-1.202,673405,2774
"2024-03-10 00:00:00",2301,13.98,-5.133,673027,2772
"2024-03-10 03:00:00",2302,13.75,-6.884,673176,2773
"2024-03-10 06:00:00",2303,13.57,-7.151,673189,2773
"2024-03-10 09:00:00",2304,13.41,-7.261,673244,2773
"2024-03-10 12:00:00",2305,13.3,-8.55,673378,2774
"2024-03-10 15:00:00",2306,14.32,-5.287,673149,2773
"2024-03-10 18:00:00",2307,14.19,-1.887,673486,2774
"2024-03-10 21:00:00",2308,14.24,-0.692,673393,2774
"2024-03-11 00:00:00",2309,13.99,-4.853,672993,2772
"2024-03-11 03:00:00",2310,13.75,-7.083,673239,2773
"2024-03-11 06:00:00",2311,13.57,-8.08,673378,2774
"2024-03-11 09:00:00",2312,13.42,-8.08,673369,2774
"2024-03-11 12:00:00",2313,13.36,-6.224,673149,2773
"2024-03-11 15:00:00",2314,14.27,-4.788,673034,2772
"2024-03-11 18:00:00",2315,14.12,-0.82,673403,2774
"2024-03-11 21:00:00",2316,14.17,2.011,673142,2773
"2024-03-12 00:00:00",2317,13.99,-0.35,673376,2774
"2024-03-12 03:00:00",2318,13.73,-1.692,673486,2774
"2024-03-12 06:00:00",2319,13.55,-3.321,673601,2775
"2024-03-12 09:00:00",2320,13.38,-4.548,673294,2773
"2024-03-12 12:00:00",2321,13.43,-5.569,673140,2773
"2024-03-12 15:00:00",2322,14.21,-3.107,673431,2774
"2024-03-12 18:00:00",2323,14.01,5.097,673368,2774
"2024-03-12 21:00:00",2324,14.2,5.788,673139,2773
"2024-03-13 00:00:00",2325,13.99,-2.442,673486,2774
"2024-03-13 03:00:00",2326,13.74,-6.665,673185,2773
"2024-03-13 06:00:00",2327,13.57,-7.772,673318,2774
"2024-03-13 09:00:00",2328,13.41,-8.26,673378,2774
"2024-03-13 12:00:00",2329,13.63,-8.67,673378,2774
"2024-03-13 15:00:00",2330,14.27,-5.133,673087,2773
"2024-03-13 18:00:00",2331,14.08,4.279,673198,2773
"2024-03-13 21:00:00",2332,14.19,2.95,673027,2772
"2024-03-14 00:00:00",2333,14,-2.955,673259,2773
"2024-03-14 03:00:00",2334,13.76,-5.526,673148,2773
"2024-03-14 06:00:00",2335,13.58,-6.378,673148,2773
"2024-03-14 09:00:00",2336,13.42,-6.224,673148,2773
"2024-03-14 12:00:00",2337,13.89,-5.723,673148,2773
"2024-03-14 15:00:00",2338,14.24,-3.084,673431,2774
"2024-03-14 18:00:00",2339,14.17,0.266,673264,2773
"2024-03-14 21:00:00",2340,14.23,1.373,673253,2773
"2024-03-15 00:00:00",2341,14.04,-2.056,673486,2774
"2024-03-15 03:00:00",2342,13.78,-4.051,673640,2775
"2024-03-15 06:00:00",2343,13.6,-6.446,673148,2773
"2024-03-15 09:00:00",2344,13.45,-7.993,673375,2774
"2024-03-15 12:00:00",2345,13.77,-8.8,673378,2774
"2024-03-15 15:00:00",2346,14.2,-3.536,673287,2773
"2024-03-15 18:00:00",2347,13.99,8.15,673139,2773
"2024-03-15 21:00:00",2348,14.1,10.22,673250,2773
"2024-03-16 00:00:00",2349,14.01,-1.331,673459,2774
"2024-03-16 03:00:00",2350,13.77,-6.864,673263,2773
"2024-03-16 06:00:00",2351,13.59,-8.69,673378,2774
"2024-03-16 09:00:00",2352,13.44,-10.4,673543,2774
"2024-03-16 12:00:00",2353,13.88,-11.14,673608,2775
"2024-03-16 15:00:00",2354,14.34,-6.401,673150,2773
"2024-03-16 18:00:00",2355,14.16,3.122,673142,2773
"2024-03-16 21:00:00",2356,14.12,7.028,673309,2773
"2024-03-17 00:00:00",2357,14.05,-3.064,673426,2774
"2024-03-17 03:00:00",2358,13.8,-8.69,673378,2774
"2024-03-17 06:00:00",2359,13.63,-9.91,673452,2774
"2024-03-17 09:00:00",2360,13.47,-9.71,673379,2774
"2024-03-17 12:00:00",2361,14.72,-9.43,673379,2774
"2024-03-17 15:00:00",2362,14.15,-3.599,673466,2774
"2024-03-17 18:00:00",2363,13.9,4.6,673368,2774
"2024-03-17 21:00:00",2364,14.11,2.865,673028,2772
"2024-03-18 00:00:00",2365,14.01,-2.291,673489,2774
"2024-03-18 03:00:00",2366,13.77,-4.636,673005,2772
"2024-03-18 06:00:00",2367,13.6,-5.352,673118,2773
"2024-03-18 09:00:00",2368,13.44,-6.532,673148,2773
"2024-03-18 12:00:00",2369,13.53,-8.33,673378,2774
"2024-03-18 15:00:00",2370,14.37,-6.247,673149,2773
"2024-03-18 18:00:00",2371,14.12,0.458,673299,2773
"2024-03-18 21:00:00",2372,14.11,2.652,673095,2773
"2024-03-19 00:00:00",2373,14.04,-2.849,673577,2775
"2024-03-19 03:00:00",2374,13.79,-7.04,673246,2773
"2024-03-19 06:00:00",2375,13.62,-8.87,673378,2774
"2024-03-19 09:00:00",2376,13.47,-10.86,673608,2775
"2024-03-19 12:00:00",2377,13.38,-12.74,673380,2774
"2024-03-19 15:00:00",2378,14.55,-9.39,673381,2774
"2024-03-19 18:00:00",2379,14.45,-3.256,673601,2775
"2024-03-19 21:00:00",2380,14.57,-1.394,673426,2774
"2024-03-20 00:00:00",2381,14.01,-7.838,673304,2773
"2024-03-20 03:00:00",2382,13.81,-9.46,673378,2774
"2024-03-20 06:00:00",2383,13.64,-10.17,673409,2774
"2024-03-20 09:00:00",2384,13.48,-9.8,673379,2774
"2024-03-20 12:00:00",2385,14.19,-10.4,673412,2774
"2024-03-20 15:00:00",2386,14.22,-3.836,672985,2772
"2024-03-20 18:00:00",2387,14.04,3.122,673081,2772
"2024-03-20 21:00:00",2388,14.26,-0.181,673350,2774
"2024-03-21 00:00:00",2389,14.09,-4.548,672985,2772
"2024-03-21 03:00:00",2390,13.84,-6.884,673256,2773
"2024-03-21 06:00:00",2391,13.66,-7.86,673378,2774
"2024-03-21 09:00:00",2392,13.51,-8.55,673378,2774
"2024-03-21 12:00:00",2393,14.85,-11.09,673608,2775
"2024-03-21 15:00:00",2394,14.26,-5.962,673248,2773
"2024-03-21 18:00:00",2395,14.1,3.142,673030,2772
"2024-03-21 21:00:00",2396,14.28,-1.331,673435,2774
"2024-03-22 00:00:00",2397,14.09,-5.33,673079,2772
"2024-03-22 03:00:00",2398,13.84,-8.89,673378,2774
"2024-03-22 06:00:00",2399,13.67,-11.02,673608,2775
"2024-03-22 09:00:00",2400,13.51,-13.25,673464,2774
"2024-03-22 12:00:00",2401,13.82,-13.25,673472,2774
"2024-03-22 15:00:00",2402,14.35,-8.51,673379,2774
"2024-03-22 18:00:00",2403,14.27,-4.571,673027,2772
"2024-03-22 21:00:00",2404,14.33,-3.794,673601,2775
"2024-03-23 00:00:00",2405,14.12,-5.373,673057,2772
"2024-03-23 03:00:00",2406,13.87,-5.307,673050,2772
"2024-03-23 06:00:00",2407,13.69,-5.33,673046,2772
"2024-03-23 09:00:00",2408,13.53,-5.264,673040,2772
"2024-03-23 12:00:00",2409,13.48,-5.047,673021,2772
"2024-03-23 15:00:00",2410,14.23,-3.385,673601,2775
"2024-03-23 18:00:00",2411,14.18,-0.457,673377,2774
"2024-03-23 21:00:00",2412,14.19,-0.457,673388,2774
"2024-03-24 00:00:00",2413,14.05,-1.076,673433,2774
"2024-03-24 03:00:00",2414,13.79,-1.864,673486,2774
"2024-03-24 06:00:00",2415,13.61,-2.314,673487,2774
"2024-03-24 09:00:00",2416,13.45,-2.784,673556,2775
"2024-03-24 12:00:00",2417,14.01,-2.892,673431,2774
"2024-03-24 15:00:00",2418,14.21,-1.672,673486,2774
"2024-03-24 18:00:00",2419,14.13,1.096,673257,2773
"2024-03-24 21:00:00",2420,14.12,2.139,673142,2773
"2024-03-25 00:00:00",2421,14.07,-0.287,673396,2774
"2024-03-25 03:00:00",2422,13.79,-2.4,673486,2774
"2024-03-25 06:00:00",2423,13.61,-2.635,673553,2775
"2024-03-25 09:00:00",2424,13.46,-2.442,673486,2774
"2024-03-25 12:00:00",2425,14.3,-2.592,673510,2774
"2024-03-25 15:00:00",2426,14.32,-2.122,673486,2774
"2024-03-25 18:00:00",2427,14.26,-2.036,673486,2774
"2024-03-25 21:00:00",2428,14.24,-1.566,673474,2774
"2024-03-26 00:00:00",2429,14.09,-2.827,673566,2775
"2024-03-26 03:00:00",2430,13.81,-3.965,673443,2774
"2024-03-26 06:00:00",2431,13.64,-4.182,673282,2773
"2024-03-26 09:00:00",2432,13.48,-4.268,673281,2773
"2024-03-26 12:00:00",2433,13.99,-4.117,673286,2773
"2024-03-26 15:00:00",2434,14.23,-2.612,673581,2775
"2024-03-26 18:00:00",2435,14.23,-1.566,673480,2774
"2024-03-26 21:00:00",2436,14.21,-1.46,673479,2774
"2024-03-27 00:00:00",2437,14.07,-2.162,673486,2774
"2024-03-27 03:00:00",2438,13.81,-2.763,673593,2775
"2024-03-27 06:00:00",2439,13.63,-3.107,673431,2774
"2024-03-27 09:00:00",2440,13.48,-4.593,672948,2772
"2024-03-27 12:00:00",2441,14.44,-5.635,673145,2773
"2024-03-27 15:00:00",2442,14.08,0.097,673444,2774
"2024-03-27 18:00:00",2443,13.99,6.242,673139,2773
"2024-03-27 21:00:00",2444,14.08,4.837,673368,2774
"2024-03-28 00:00:00",2445,14.06,0.181,673257,2773
"2024-03-28 03:00:00",2446,13.78,-1.95,673486,2774
"2024-03-28 06:00:00",2447,13.61,-2.912,673601,2775
"2024-03-28 09:00:00",2448,13.45,-3.45,673601,2775
"2024-03-28 12:00:00",2449,14.41,-3.879,673608,2775
"2024-03-28 15:00:00",2450,14.12,-1.076,673477,2774
"2024-03-28 18:00:00",2451,14.01,5.097,673368,2774
"2024-03-28 21:00:00",2452,14.17,2.887,673028,2772
"2024-03-29 00:00:00",2453,14.11,-0.479,673398,2774
"2024-03-29 03:00:00",2454,13.82,-4.788,673025,2772
"2024-03-29 06:00:00",2455,13.64,-6.005,673148,2773
"2024-03-29 09:00:00",2456,13.48,-5.635,673148,2773
"2024-03-29 12:00:00",2457,14.51,-5.831,673148,2773
"2024-03-29 15:00:00",2458,14.01,1.97,673257,2773
"2024-03-29 18:00:00",2459,13.85,9.75,673250,2773
"2024-03-29 21:00:00",2460,14.03,9.84,673250,2773
"2024-03-30 00:00:00",2461,14.08,0.969,673257,2773
"2024-03-30 03:00:00",2462,13.79,-4.593,673033,2772
"2024-03-30 06:00:00",2463,13.62,-6.796,673230,2773
"2024-03-30 09:00:00",2464,13.47,-7.772,673369,2774
"2024-03-30 12:00:00",2465,14.56,-8.13,673378,2774
"2024-03-30 15:00:00",2466,14.03,1.245,673361,2774
"2024-03-30 18:00:00",2467,13.86,11.06,673250,2773
"2024-03-30 21:00:00",2468,14.1,9.71,673250,2773
"2024-03-31 00:00:00",2469,14.08,0.926,673257,2773
"2024-03-31 03:00:00",2470,13.8,-2.291,673576,2775
"2024-03-31 06:00:00",2471,13.62,-3.859,673284,2773
"2024-03-31 09:00:00",2472,13.47,-5.547,673148,2773
"2024-03-31 12:00:00",2473,14.39,-5.221,673077,2772
"2024-03-31 15:00:00",2474,14.21,-2.013,673486,2774
"2024-03-31 18:00:00",2475,14.17,0.181,673324,2774
"2024-03-31 21:00:00",2476,14.23,0.777,673257,2773
"2024-04-01 00:00:00",2477,14.13,-2.013,673486,2774
"2024-04-01 03:00:00",2478,13.84,-4.096,673294,2773
"2024-04-01 06:00:00",2479,13.66,-4.462,672969,2772
"2024-04-01 09:00:00",2480,13.5,-4.571,672945,2772
"2024-04-01 12:00:00",2481,14.4,-5.221,673058,2772
"2024-04-01 15:00:00",2482,13.99,1.904,673257,2773
"2024-04-01 18:00:00",2483,14.1,3.036,673074,2772
"2024-04-01 21:00:00",2484,14.1,3.784,673028,2772
"2024-04-02 00:00:00",2485,14.3,0.479,673257,2773
"2024-04-02 03:00:00",2486,13.83,-2.955,673431,2774
"2024-04-02 06:00:00",2487,13.65,-4.679,673022,2772
"2024-04-02 09:00:00",2488,13.49,-5.287,673056,2772
"2024-04-02 12:00:00",2489,14.41,-5.438,673148,2773
"2024-04-02 15:00:00",2490,14.21,-1.927,673486,2774
"2024-04-02 18:00:00",2491,14.17,1.267,673257,2773
"2024-04-02 21:00:00",2492,14.19,2.119,673142,2773
"2024-04-03 00:00:00",2493,14.19,-1.119,673420,2774
"2024-04-03 03:00:00",2494,13.85,-3.965,673144,2773
"2024-04-03 06:00:00",2495,13.67,-5.113,673034,2772
"2024-04-03 09:00:00",2496,13.51,-6.182,673148,2773
"2024-04-03 12:00:00",2497,14.42,-5.962,673148,2773
"2024-04-03 15:00:00",2498,13.87,6.156,673368,2774
"2024-04-03 18:00:00",2499,13.83,12.67,673049,2772
"2024-04-03 21:00:00",2500,13.94,15.39,673239,2773
"2024-04-04 00:00:00",2501,14.15,5.485,673230,2773
"2024-04-04 03:00:00",2502,13.79,-2.506,673424,2774
"2024-04-04 06:00:00",2503,13.61,-5.504,673148,2773
"2024-04-04 09:00:00",2504,13.46,-7.017,673258,2773
"2024-04-04 12:00:00",2505,14.49,-8.19,673378,2774
"2024-04-04 15:00:00",2506,13.89,6.351,673368,2774
"2024-04-04 18:00:00",2507,13.84,14.52,673362,2774
"2024-04-04 21:00:00",2508,13.86,17.01,673018,2772
"2024-04-05 00:00:00",2509,14.16,6.721,673138,2773
"2024-04-05 03:00:00",2510,13.77,-1.692,673486,2774
"2024-04-05 06:00:00",2511,13.59,-3.836,672957,2772
"2024-04-05 09:00:00",2512,13.44,-4.291,672984,2772
"2024-04-05 12:00:00",2513,14.32,-3.965,673310,2773
"2024-04-05 15:00:00",2514,14.16,-0.606,673422,2774
"2024-04-05 18:00:00",2515,14.14,3.913,673028,2772
"2024-04-05 21:00:00",2516,14.15,5.851,673139,2773
"2024-04-06 00:00:00",2517,14.23,1.118,673257,2773
"2024-04-06 03:00:00",2518,13.84,-2.741,673430,2774
"2024-04-06 06:00:00",2519,13.65,-4.268,672949,2772
"2024-04-06 09:00:00",2520,13.49,-4.873,673034,2772
"2024-04-06 12:00:00",2521,14.35,-5.199,673116,2773
"2024-04-06 15:00:00",2522,13.84,7.311,673181,2773
"2024-04-06 18:00:00",2523,13.77,18.4,673018,2772
"2024-04-06 21:00:00",2524,13.94,18.43,672507,2770
"2024-04-07 00:00:00",2525,14.14,5.44,672685,2771
"2024-04-07 03:00:00",2526,13.77,-0.82,672627,2771
"2024-04-07 06:00:00",2527,13.58,-3.47,672618,2771
"2024-04-07 09:00:00",2528,13.43,-4.765,672697,2771
"2024-04-07 12:00:00",2529,14.41,-5.244,672466,2770
"2024-04-07 15:00:00",2530,14.15,0.16,672693,2771
"2024-04-07 18:00:00",2531,13.88,8.97,672581,2770
"2024-04-07 21:00:00",2532,13.99,7.706,672116,2768
"2024-04-08 00:00:00",2533,14.2,2.331,672131,2768
"2024-04-08 03:00:00",2534,13.78,-1.46,672122,2768
"2024-04-08 06:00:00",2535,13.6,-3.15,672237,2769
"2024-04-08 09:00:00",2536,13.45,-4.074,672267,2769
"2024-04-08 12:00:00",2537,14.32,-3.816,672260,2769
"2024-04-08 15:00:00",2538,14.15,0.097,672009,2768
"2024-04-08 18:00:00",2539,14.07,4.579,672005,2768
"2024-04-08 21:00:00",2540,14.15,3.807,671664,2766
"2024-04-09 00:00:00",2541,14.19,-0.118,671702,2767
"2024-04-09 03:00:00",2542,13.82,-2.142,671505,2766
"2024-04-09 06:00:00",2543,13.64,-3.041,671555,2766
"2024-04-09 09:00:00",2544,13.49,-3.493,671555,2766
"2024-04-09 12:00:00",2545,14.29,-3.665,671599,2766
"2024-04-09 15:00:00",2546,14.13,0.415,671980,2768
"2024-04-09 18:00:00",2547,14.01,7.311,671095,2764
"2024-04-09 21:00:00",2548,13.99,12.81,669974,2759
"2024-04-10 00:00:00",2549,14.4,7.006,670073,2760
"2024-04-10 03:00:00",2550,13.8,-1.715,669735,2758
"2024-04-10 06:00:00",2551,13.62,-4.853,669661,2758
"2024-04-10 09:00:00",2552,13.47,-7.128,669851,2759
"2024-04-10 12:00:00",2553,14.35,-6.642,669857,2759
"2024-04-10 15:00:00",2554,13.83,8.04,669735,2758
"2024-04-10 18:00:00",2555,13.68,17.84,669275,2756
"2024-04-10 21:00:00",2556,13.95,15.04,668481,2753
"2024-04-11 00:00:00",2557,14.35,5.528,668581,2753
"2024-04-11 03:00:00",2558,13.78,-0.307,668648,2753
"2024-04-11 06:00:00",2559,13.59,-2.056,668773,2754
"2024-04-11 09:00:00",2560,13.44,-3.021,668826,2754
"2024-04-11 12:00:00",2561,14.33,-3.536,668829,2754
"2024-04-11 15:00:00",2562,14.1,0.883,668521,2753
"2024-04-11 18:00:00",2563,13.59,16.17,668141,2751
"2024-04-11 21:00:00",2564,13.83,13.85,667575,2749
"2024-04-12 00:00:00",2565,14.44,4.665,667575,2749
"2024-04-12 03:00:00",2566,13.77,-0.927,667655,2749
"2024-04-12 06:00:00",2567,13.59,-2.741,667462,2748
"2024-04-12 09:00:00",2568,13.44,-3.859,667498,2749
"2024-04-12 12:00:00",2569,14.33,-4.699,667651,2749
"2024-04-12 15:00:00",2570,13.95,5.788,667575,2749
"2024-04-12 18:00:00",2571,13.71,18.82,667233,2747
"2024-04-12 21:00:00",2572,13.72,23.55,666666,2745
"2024-04-13 00:00:00",2573,14.29,10.47,666439,2744
"2024-04-13 03:00:00",2574,13.77,-0.181,666609,2745
"2024-04-13 06:00:00",2575,13.58,-3.193,666780,2745
"2024-04-13 09:00:00",2576,13.43,-5.612,666325,2744
"2024-04-13 12:00:00",2577,14.33,-4.788,666666,2745
"2024-04-13 15:00:00",2578,13.79,6.897,666341,2744
"2024-04-13 18:00:00",2579,13.81,11.96,666385,2744
"2024-04-13 21:00:00",2580,14.04,7.311,665985,2742
"2024-04-14 00:00:00",2581,14.38,3.142,665580,2740
"2024-04-14 03:00:00",2582,13.79,-2.935,665927,2742
"2024-04-14 06:00:00",2583,13.61,-5.264,665642,2741
"2024-04-14 09:00:00",2584,13.46,-6.796,665703,2741
"2024-04-14 12:00:00",2585,14.33,-5.962,665643,2741
"2024-04-14 15:00:00",2586,13.94,3.206,665665,2741
"2024-04-14 18:00:00",2587,13.79,10.81,665758,2741
"2024-04-14 21:00:00",2588,13.99,9.75,665758,2741
"2024-04-15 00:00:00",2589,14.14,4.299,665530,2740
"2024-04-15 03:00:00",2590,13.76,1.053,665757,2741
"2024-04-15 06:00:00",2591,13.58,0.309,665522,2740
"2024-04-15 09:00:00",2592,13.43,0.309,665870,2742
"2024-04-15 12:00:00",2593,14.22,0.628,665770,2741
"2024-04-15 15:00:00",2594,14.08,2.395,665651,2741
"2024-04-15 18:00:00",2595,13.95,8.3,665303,2739
"2024-04-15 21:00:00",2596,14.02,6.656,664622,2736
"2024-04-16 00:00:00",2597,14.24,3.165,664514,2736
"2024-04-16 03:00:00",2598,13.77,1.649,664394,2735
"2024-04-16 06:00:00",2599,13.58,0.946,664394,2735
"2024-04-16 09:00:00",2600,13.43,0.691,664394,2735
"2024-04-16 12:00:00",2601,14.29,0.542,664431,2735
"2024-04-16 15:00:00",2602,14.12,1.755,664394,2735
"2024-04-16 18:00:00",2603,13.99,4.17,664168,2734
"2024-04-16 21:00:00",2604,13.72,14.16,663832,2733
"2024-04-17 00:00:00",2605,14.15,10.49,663714,2732
"2024-04-17 03:00:00",2606,13.78,1.904,663712,2732
"2024-04-17 06:00:00",2607,13.6,0.458,663791,2733
"2024-04-17 09:00:00",2608,13.44,-0.649,663563,2732
"2024-04-17 12:00:00",2609,14.21,0.16,663838,2733
"2024-04-17 15:00:00",2610,13.76,7.927,663260,2730
"2024-04-17 18:00:00",2611,13.54,21.53,662803,2728
"2024-04-17 21:00:00",2612,13.7,22.9,662585,2727
"2024-04-18 00:00:00",2613,14.18,10.38,662353,2726
"2024-04-18 03:00:00",2614,13.75,3.42,662576,2727
"2024-04-18 06:00:00",2615,13.56,1.075,662350,2726
"2024-04-18 09:00:00",2616,13.41,0.074,662484,2727
"2024-04-18 12:00:00",2617,14.19,0.074,662512,2727
"2024-04-18 15:00:00",2618,13.83,9.12,662238,2726
"2024-04-18 18:00:00",2619,13.57,16.32,662015,2725
"2024-04-18 21:00:00",2620,14.1,8.72,661850,2724
"2024-04-19 00:00:00",2621,14.31,3.87,661952,2725
"2024-04-19 03:00:00",2622,13.76,1.351,661666,2724
"2024-04-19 06:00:00",2623,13.58,0.352,661777,2724
"2024-04-19 09:00:00",2624,13.42,-0.33,661846,2724
"2024-04-19 12:00:00",2625,13.58,-0.585,661820,2724
"2024-04-19 15:00:00",2626,14.29,0.054,661791,2724
"2024-04-19 18:00:00",2627,14.27,0.585,661698,2724
"2024-04-19 21:00:00",2628,14.35,0.797,661667,2724
"2024-04-20 00:00:00",2629,14.09,0.373,661744,2724
"2024-04-20 03:00:00",2630,13.79,-0.479,661849,2724
"2024-04-20 06:00:00",2631,13.61,-1.993,661892,2724
"2024-04-20 09:00:00",2632,13.46,-2.334,661975,2725
"2024-04-20 12:00:00",2633,14.37,-2.248,661941,2725
"2024-04-20 15:00:00",2634,14.13,0.671,661769,2724
"2024-04-20 18:00:00",2635,13.84,9.97,661728,2724
"2024-04-20 21:00:00",2636,13.84,16.17,661261,2722
"2024-04-21 00:00:00",2637,14.37,6.199,661215,2722
"2024-04-21 03:00:00",2638,13.84,-1.821,661315,2722
"2024-04-21 06:00:00",2639,13.65,-4.916,661548,2723
"2024-04-21 09:00:00",2640,13.5,-5.09,661548,2723
"2024-04-21 12:00:00",2641,14.2,-2.506,661323,2722
"2024-04-21 15:00:00",2642,13.94,3.913,661526,2723
"2024-04-21 18:00:00",2643,13.92,8.75,661174,2721
"2024-04-21 21:00:00",2644,13.88,10.95,660991,2721
"2024-04-22 00:00:00",2645,14.12,6.025,661068,2721
"2024-04-22 03:00:00",2646,13.82,1.778,660984,2721
"2024-04-22 06:00:00",2647,13.63,-0.287,661137,2721
"2024-04-22 09:00:00",2648,13.47,0.608,661065,2721
"2024-04-22 12:00:00",2649,14.15,1.245,660985,2721
"2024-04-22 15:00:00",2650,13.99,4.945,660760,2720
"2024-04-22 18:00:00",2651,13.98,8.44,660535,2719
"2024-04-22 21:00:00",2652,13.99,9.1,660321,2718
"2024-04-23 00:00:00",2653,14.16,5.311,660759,2720
"2024-04-23 03:00:00",2654,13.8,3.079,660519,2719
"2024-04-23 06:00:00",2655,13.6,2.182,660198,2717
"2024-04-23 09:00:00",2656,13.44,2.096,660202,2717
"2024-04-23 12:00:00",2657,14.1,3.122,660524,2719
"2024-04-23 15:00:00",2658,13.94,7.071,660535,2719
"2024-04-23 18:00:00",2659,14.02,6.396,660535,2719
"2024-04-23 21:00:00",2660,14.06,5.548,660418,2718
"2024-04-24 00:00:00",2661,14.28,3.764,660248,2717
"2024-04-24 03:00:00",2662,13.8,2.162,660191,2717
"2024-04-24 06:00:00",2663,13.61,1.565,660302,2718
"2024-04-24 09:00:00",2664,13.45,0.734,660304,2718
"2024-04-24 12:00:00",2665,14.15,0.542,660391,2718
"2024-04-24 15:00:00",2666,13.67,11.18,660310,2718
"2024-04-24 18:00:00",2667,13.79,13.12,660130,2717
"2024-04-24 21:00:00",2668,13.87,12.79,660094,2717
"2024-04-25 00:00:00",2669,14.24,10.54,660309,2718
"2024-04-25 03:00:00",2670,13.78,2.971,660190,2717
"2024-04-25 06:00:00",2671,13.59,0.501,660415,2718
"2024-04-25 09:00:00",2672,13.46,-0.99,660458,2718
"2024-04-25 12:00:00",2673,14.08,1.118,660313,2718
"2024-04-25 15:00:00",2674,13.79,9.95,660315,2718
"2024-04-25 18:00:00",2675,13.93,9.1,660321,2718
"2024-04-25 21:00:00",2676,13.99,7.882,660194,2717
"2024-04-26 00:00:00",2677,14.22,5.917,660334,2718
"2024-04-26 03:00:00",2678,13.75,5.96,660154,2717
"2024-04-26 06:00:00",2679,13.56,5.722,660028,2716
"2024-04-26 09:00:00",2680,13.4,5.246,660078,2717
"2024-04-26 12:00:00",2681,14.01,5.788,660034,2717
"2024-04-26 15:00:00",2682,13.68,14.78,658723,2711
"2024-04-26 18:00:00",2683,13.83,17.92,657366,2705
"2024-04-26 21:00:00",2684,14.01,10.63,656223,2700
"2024-04-27 00:00:00",2685,14.17,5.96,655971,2699
"2024-04-27 03:00:00",2686,13.75,2.268,655844,2699
"2024-04-27 06:00:00",2687,13.56,0.757,655565,2697
"2024-04-27 09:00:00",2688,13.41,0.117,655655,2698
"2024-04-27 12:00:00",2689,14.19,0.373,655642,2698
"2024-04-27 15:00:00",2690,14.04,2.566,655419,2697
"2024-04-27 18:00:00",2691,13.88,6.504,654743,2694
"2024-04-27 21:00:00",2692,14.06,6.373,654402,2692
"2024-04-28 00:00:00",2693,14.27,2.225,654759,2694
"2024-04-28 03:00:00",2694,13.82,-0.181,654684,2694
"2024-04-28 06:00:00",2695,13.63,-1.225,654728,2694
"2024-04-28 09:00:00",2696,13.48,-2.592,654501,2693
"2024-04-28 12:00:00",2697,14.23,-2.248,654501,2693
"2024-04-28 15:00:00",2698,13.9,8.57,654403,2692
"2024-04-28 18:00:00",2699,13.75,17.26,654310,2692
"2024-04-28 21:00:00",2700,13.75,21.92,653741,2690
"2024-04-29 00:00:00",2701,14.18,9.26,653590,2689
"2024-04-29 03:00:00",2702,13.8,2.801,653374,2688
"2024-04-29 06:00:00",2703,13.61,-0.798,653692,2689
"2024-04-29 09:00:00",2704,13.51,-1.778,653756,2690
"2024-04-29 12:00:00",2705,14.12,0.969,653513,2689
"2024-04-29 15:00:00",2706,13.77,11.49,653328,2688
"2024-04-29 18:00:00",2707,13.74,17.34,652647,2685
"2024-04-29 21:00:00",2708,13.55,22.5,652041,2682
"2024-04-30 00:00:00",2709,14.03,12.86,651917,2682
"2024-04-30 03:00:00",2710,13.78,3.271,652010,2682
"2024-04-30 06:00:00",2711,13.59,0.011,651953,2682
"2024-04-30 09:00:00",2712,13.46,-0.522,651921,2682
"2024-04-30 12:00:00",2713,14.06,1.884,651781,2681
"2024-04-30 15:00:00",2714,13.61,14.47,651587,2680
"2024-04-30 18:00:00",2715,13.72,17.84,650901,2677
"2024-04-30 21:00:00",2716,13.61,19.42,650561,2676
"2024-05-01 00:00:00",2717,14.13,10.29,650774,2677
"2024-05-01 03:00:00",2718,13.75,4.493,650536,2676
"2024-05-01 06:00:00",2719,13.56,1.778,650758,2677
"2024-05-01 09:00:00",2720,13.49,-0.33,650756,2677
"2024-05-01 12:00:00",2721,14.01,3.228,650647,2676
"2024-05-01 15:00:00",2722,13.63,14.4,650219,2674
"2024-05-01 18:00:00",2723,13.63,21.92,650033,2674
"2024-05-01 21:00:00",2724,13.61,18.61,649540,2671
"2024-05-02 00:00:00",2725,13.94,13,649532,2671
"2024-05-02 03:00:00",2726,13.78,3.526,649283,2670
"2024-05-02 06:00:00",2727,13.58,-0.032,649551,2672
"2024-05-02 09:00:00",2728,13.53,-1.523,649616,2672
"2024-05-02 12:00:00",2729,13.99,3.165,649288,2670
"2024-05-02 15:00:00",2730,13.55,17.97,649227,2670
"2024-05-02 18:00:00",2731,13.44,25.76,649105,2670
"2024-05-02 21:00:00",2732,13.39,24.39,648449,2667
"2024-05-03 00:00:00",2733,14.06,12.37,648299,2666
"2024-05-03 03:00:00",2734,13.74,3.612,648260,2666
"2024-05-03 06:00:00",2735,13.54,-0.841,648220,2666
"2024-05-03 09:00:00",2736,13.49,-2.806,648362,2666
"2024-05-03 12:00:00",2737,14.1,1.032,648126,2665
"2024-05-03 15:00:00",2738,13.41,17.01,648349,2666
"2024-05-03 18:00:00",2739,13.26,26.59,647739,2664
"2024-05-03 21:00:00",2740,13.59,21.12,647088,2661
"2024-05-04 00:00:00",2741,14.21,8.88,646882,2660
"2024-05-04 03:00:00",2742,13.75,0.84,646777,2660
"2024-05-04 06:00:00",2743,13.56,-3.235,646998,2661
"2024-05-04 09:00:00",2744,13.51,-5.244,647219,2662
"2024-05-04 12:00:00",2745,14.13,-1.01,646888,2660
"2024-05-04 15:00:00",2746,13.59,11.93,647028,2661
"2024-05-04 18:00:00",2747,13.1,26.22,646452,2658
"2024-05-04 21:00:00",2748,13.33,20.31,646478,2658
"2024-05-05 00:00:00",2749,14.12,11.29,646347,2658
"2024-05-05 03:00:00",2750,13.74,0.883,646092,2657
"2024-05-05 06:00:00",2751,13.54,-2.741,646316,2658
"2024-05-05 09:00:00",2752,13.5,-4.419,646383,2658
"2024-05-05 12:00:00",2753,14.12,0.011,646144,2657
"2024-05-05 15:00:00",2754,13.37,17.64,645934,2656
"2024-05-05 18:00:00",2755,13.2,26.41,646069,2657
"2024-05-05 21:00:00",2756,13.48,22.53,645918,2656
"2024-05-06 00:00:00",2757,14.1,10.83,646007,2656
"2024-05-06 03:00:00",2758,13.75,0.82,646095,2657
"2024-05-06 06:00:00",2759,13.55,-2.42,646316,2658
"2024-05-06 09:00:00",2760,13.54,-4.548,646492,2658
"2024-05-06 12:00:00",2761,14.1,0.309,646136,2657
"2024-05-06 15:00:00",2762,13.37,17.54,645921,2656
"2024-05-06 18:00:00",2763,13.13,28.56,646038,2656
"2024-05-06 21:00:00",2764,13.75,18.56,646138,2657
"2024-05-07 00:00:00",2765,14.25,8.83,646214,2657
"2024-05-07 03:00:00",2766,13.74,1.5,645985,2656
"2024-05-07 06:00:00",2767,13.55,-2.483,646316,2658
"2024-05-07 09:00:00",2768,13.56,-4.699,646516,2659
"2024-05-07 12:00:00",2769,14.12,-0.563,646134,2657
"2024-05-07 15:00:00",2770,13.53,13.42,646176,2657
"2024-05-07 18:00:00",2771,13.22,21.21,646128,2657
"2024-05-07 21:00:00",2772,13.29,18.64,645797,2655
"2024-05-08 00:00:00",2773,13.79,12,646001,2656
"2024-05-08 03:00:00",2774,13.75,2.011,645982,2656
"2024-05-08 06:00:00",2775,13.55,-2.122,645634,2655
"2024-05-08 09:00:00",2776,13.55,-3.859,645677,2655
"2024-05-08 12:00:00",2777,14.11,-0.33,646133,2657
"2024-05-08 15:00:00",2778,13.63,8.88,645546,2654
"2024-05-08 18:00:00",2779,13.4,16.07,645354,2654
"2024-05-08 21:00:00",2780,13.59,15.19,645444,2654
"2024-05-09 00:00:00",2781,14.13,10.31,645326,2653
"2024-05-09 03:00:00",2782,13.77,2.48,645241,2653
"2024-05-09 06:00:00",2783,13.56,0.415,645430,2654
"2024-05-09 09:00:00",2784,13.6,-0.095,645467,2654
"2024-05-09 12:00:00",2785,14.08,1.565,645304,2653
"2024-05-09 15:00:00",2786,13.92,5.14,645084,2652
"2024-05-09 18:00:00",2787,13.84,7.114,644864,2651
"2024-05-09 21:00:00",2788,14.03,6.005,644964,2652
"2024-05-10 00:00:00",2789,14.11,4.064,645084,2652
"2024-05-10 03:00:00",2790,13.84,2.844,645194,2653
"2024-05-10 06:00:00",2791,13.63,2.395,645194,2653
"2024-05-10 09:00:00",2792,13.62,2.417,645194,2653
"2024-05-10 12:00:00",2793,14.08,3.036,645194,2653
"2024-05-10 15:00:00",2794,13.81,6.809,644866,2651
"2024-05-10 18:00:00",2795,13.55,12.26,645316,2653
"2024-05-10 21:00:00",2796,13.53,12.49,645211,2653
"2024-05-11 00:00:00",2797,13.97,9.24,645041,2652
"2024-05-11 03:00:00",2798,13.79,4.451,645084,2652
"2024-05-11 06:00:00",2799,13.58,2.162,645265,2653
"2024-05-11 09:00:00",2800,13.55,0.863,645325,2653
"2024-05-11 12:00:00",2801,14.03,2.822,645194,2653
"2024-05-11 15:00:00",2802,13.78,8.57,645205,2653
"2024-05-11 18:00:00",2803,13.57,12.05,645326,2653
"2024-05-11 21:00:00",2804,13.51,13.42,645125,2653
"2024-05-12 00:00:00",2805,13.99,10.02,645326,2653
"2024-05-12 03:00:00",2806,13.77,3.741,645084,2652
"2024-05-12 06:00:00",2807,13.56,1.224,645304,2653
"2024-05-12 09:00:00",2808,13.52,0.393,645073,2652
"2024-05-12 12:00:00",2809,14.08,2.48,645204,2653
"2024-05-12 15:00:00",2810,13.64,10.83,645155,2653
"2024-05-12 18:00:00",2811,13.25,19.26,644777,2651
"2024-05-12 21:00:00",2812,13.29,19.1,644777,2651
"2024-05-13 00:00:00",2813,13.85,12.74,645129,2653
"2024-05-13 03:00:00",2814,13.74,3.334,645192,2653
"2024-05-13 06:00:00",2815,13.53,-0.267,644943,2652
"2024-05-13 09:00:00",2816,13.61,-2.122,644951,2652
"2024-05-13 12:00:00",2817,14.04,3.357,645194,2653
"2024-05-13 15:00:00",2818,13.44,16.32,644389,2649
"2024-05-13 18:00:00",2819,13.24,21.02,644436,2650
"2024-05-13 21:00:00",2820,13.36,18.82,644096,2648
"2024-05-14 00:00:00",2821,13.87,12.93,644105,2648
"2024-05-14 03:00:00",2822,13.74,5.311,644402,2649
"2024-05-14 06:00:00",2823,13.52,2.63,644010,2648
"2024-05-14 09:00:00",2824,13.54,1.416,643940,2647
"2024-05-14 12:00:00",2825,14.03,3.42,644167,2648
"2024-05-14 15:00:00",2826,13.53,14.42,643759,2647
"2024-05-14 18:00:00",2827,13.2,20.21,643076,2644
"2024-05-14 21:00:00",2828,13.24,22.03,642626,2642
"2024-05-15 00:00:00",2829,13.78,16.76,642479,2641
"2024-05-15 03:00:00",2830,13.72,5.614,642869,2643
"2024-05-15 06:00:00",2831,13.51,1.416,642577,2642
"2024-05-15 09:00:00",2832,13.65,-0.563,642717,2642
"2024-05-15 12:00:00",2833,14.08,3.635,642799,2643
"2024-05-15 15:00:00",2834,13.55,16.41,642338,2641
"2024-05-15 18:00:00",2835,13.03,25.83,642506,2641
"2024-05-15 21:00:00",2836,13.2,26.31,642344,2641
"2024-05-16 00:00:00",2837,13.79,19.63,642395,2641
"2024-05-16 03:00:00",2838,13.71,5.831,642357,2641
"2024-05-16 06:00:00",2839,13.49,1.138,642666,2642
"2024-05-16 09:00:00",2840,13.65,-1.033,642625,2642
"2024-05-16 12:00:00",2841,14.12,2.395,642558,2642
"2024-05-16 15:00:00",2842,13.74,11.22,641920,2639
"2024-05-16 18:00:00",2843,13.33,19.73,641374,2636
"2024-05-16 21:00:00",2844,13.63,19.78,641374,2636
"2024-05-17 00:00:00",2845,13.82,13.35,641374,2636
"2024-05-17 03:00:00",2846,13.78,3.978,641335,2636
"2024-05-17 06:00:00",2847,13.57,-0.628,641396,2637
"2024-05-17 09:00:00",2848,13.7,-2.248,641541,2637
"2024-05-17 12:00:00",2849,14.15,2.119,641554,2637
"2024-05-17 15:00:00",2850,13.61,15.24,641372,2636
"2024-05-17 18:00:00",2851,13.59,21.97,641282,2636
"2024-05-17 21:00:00",2852,13.54,20.53,641374,2636
"2024-05-18 00:00:00",2853,13.95,13.85,641023,2635
"2024-05-18 03:00:00",2854,13.82,3.526,641099,2635
"2024-05-18 06:00:00",2855,13.59,-0.606,641386,2636
"2024-05-18 09:00:00",2856,13.78,-2.205,641541,2637
"2024-05-18 12:00:00",2857,14.19,0.989,641300,2636
"2024-05-18 15:00:00",2858,13.64,14.13,641068,2635
"2024-05-18 18:00:00",2859,13.37,24.16,641156,2636
"2024-05-18 21:00:00",2860,13.95,13.59,641022,2635
"2024-05-19 00:00:00",2861,14.26,6.113,641334,2636
"2024-05-19 03:00:00",2862,13.8,2.503,641181,2636
"2024-05-19 06:00:00",2863,13.6,0.989,641237,2636
"2024-05-19 09:00:00",2864,13.58,0.266,641338,2636
"2024-05-19 12:00:00",2865,14.15,1.138,641215,2636
"2024-05-19 15:00:00",2866,13.7,9.17,640436,2632
"2024-05-19 18:00:00",2867,13.81,10.72,639877,2630
"2024-05-19 21:00:00",2868,13.9,10.18,639196,2627
"2024-05-20 00:00:00",2869,14.07,6.547,639073,2627
"2024-05-20 03:00:00",2870,13.86,2.503,639071,2627
"2024-05-20 06:00:00",2871,13.64,0.565,639270,2627
"2024-05-20 09:00:00",2872,13.66,-0.287,639329,2628
"2024-05-20 12:00:00",2873,14.15,0.714,639277,2627
"2024-05-20 15:00:00",2874,13.92,5.917,638950,2626
"2024-05-20 18:00:00",2875,13.77,10.95,638855,2626
"2024-05-20 21:00:00",2876,13.66,14.44,638989,2626
"2024-05-21 00:00:00",2877,14,10.38,638855,2626
"2024-05-21 03:00:00",2878,13.83,3.678,638950,2626
"2024-05-21 06:00:00",2879,13.61,0.714,639271,2627
"2024-05-21 09:00:00",2880,14.03,-0.158,638991,2626
"2024-05-21 12:00:00",2881,14.13,1.649,639168,2627
"2024-05-21 15:00:00",2882,13.83,8.46,639073,2627
"2024-05-21 18:00:00",2883,13.37,18.17,638682,2625
"2024-05-21 21:00:00",2884,13.99,13.66,638822,2625
"2024-05-22 00:00:00",2885,14.06,7.532,638732,2625
"2024-05-22 03:00:00",2886,13.86,3.228,639059,2627
"2024-05-22 06:00:00",2887,13.63,1.138,638827,2626
"2024-05-22 09:00:00",2888,13.91,0.203,638948,2626
"2024-05-22 12:00:00",2889,14.04,2.93,639059,2627
"2024-05-22 15:00:00",2890,13.72,12.05,638855,2626
"2024-05-22 18:00:00",2891,13.63,14.61,638649,2625
"2024-05-22 21:00:00",2892,13.75,15.24,638630,2625
"2024-05-23 00:00:00",2893,14.03,9.75,638515,2624
"2024-05-23 03:00:00",2894,13.85,4.064,638609,2625
"2024-05-23 06:00:00",2895,13.62,1.48,638486,2624
"2024-05-23 09:00:00",2896,14.42,0.393,638600,2625
"2024-05-23 12:00:00",2897,14.18,0.863,638507,2624
"2024-05-23 15:00:00",2898,13.95,5.397,638269,2623
"2024-05-23 18:00:00",2899,13.68,12.23,637834,2621
"2024-05-23 21:00:00",2900,13.9,12.77,637677,2621
"2024-05-24 00:00:00",2901,14.12,7.202,637710,2621
"2024-05-24 03:00:00",2902,13.87,2.695,637698,2621
"2024-05-24 06:00:00",2903,13.65,0.458,637913,2622
"2024-05-24 09:00:00",2904,14.38,-0.734,637953,2622
"2024-05-24 12:00:00",2905,14.15,1.075,637812,2621
"2024-05-24 15:00:00",2906,13.74,9.62,637711,2621
"2024-05-24 18:00:00",2907,13.76,16.36,637439,2620
"2024-05-24 21:00:00",2908,13.92,12.7,637360,2619
"2024-05-25 00:00:00",2909,14.08,7.575,637369,2619
"2024-05-25 03:00:00",2910,13.92,2.417,637385,2619
"2024-05-25 06:00:00",2911,13.67,0.797,637162,2618
"2024-05-25 09:00:00",2912,14.09,-0.138,637282,2619
"2024-05-25 12:00:00",2913,14.13,2.011,637463,2620
"2024-05-25 15:00:00",2914,13.59,12.88,637493,2620
"2024-05-25 18:00:00",2915,13,26.41,637357,2619
"2024-05-25 21:00:00",2916,13.59,24.75,637391,2619
"2024-05-26 00:00:00",2917,14.08,10.09,637493,2620
"2024-05-26 03:00:00",2918,13.82,4.365,637587,2620
"2024-05-26 06:00:00",2919,13.59,1.649,637463,2620
"2024-05-26 09:00:00",2920,13.8,0.608,637572,2620
"2024-05-26 12:00:00",2921,14.08,2.715,637724,2621
"2024-05-26 15:00:00",2922,13.63,11.4,637493,2620
"2024-05-26 18:00:00",2923,13.29,21.51,637632,2620
"2024-05-26 21:00:00",2924,13.02,26.1,638062,2622
"2024-05-27 00:00:00",2925,13.61,22.59,638095,2622
"2024-05-27 03:00:00",2926,13.75,6.875,638062,2622
"2024-05-27 06:00:00",2927,13.5,1.798,638145,2623
"2024-05-27 09:00:00",2928,13.96,0.501,637920,2622
"2024-05-27 12:00:00",2929,14.06,3.165,638036,2622
"2024-05-27 15:00:00",2930,13.66,9.62,638035,2622
"2024-05-27 18:00:00",2931,13.4,21.37,637972,2622
"2024-05-27 21:00:00",2932,13.29,27.44,637198,2619
"2024-05-28 00:00:00",2933,13.79,15.77,637212,2619
"2024-05-28 03:00:00",2934,13.8,5.874,637587,2620
"2024-05-28 06:00:00",2935,13.55,1.861,637122,2618
"2024-05-28 09:00:00",2936,13.82,-0.479,637261,2619
"2024-05-28 12:00:00",2937,14.19,0.542,637233,2619
"2024-05-28 15:00:00",2938,13.81,5.939,636224,2614
"2024-05-28 18:00:00",2939,13.48,18.43,635253,2610
"2024-05-28 21:00:00",2940,13.54,20.72,635250,2610
"2024-05-29 00:00:00",2941,14.07,12.12,635444,2611
"2024-05-29 03:00:00",2942,13.79,5.743,635542,2611
"2024-05-29 06:00:00",2943,13.56,3.122,635310,2610
"2024-05-29 09:00:00",2944,13.66,1.565,635077,2609
"2024-05-29 12:00:00",2945,14.15,1.861,635418,2611
"2024-05-29 15:00:00",2946,14.1,3.165,634969,2609
"2024-05-29 18:00:00",2947,13.99,5.225,635031,2609
"2024-05-29 21:00:00",2948,13.99,6.113,634861,2608
"2024-05-30 00:00:00",2949,14.05,6.113,634829,2608
"2024-05-30 03:00:00",2950,13.93,3.014,634969,2609
"2024-05-30 06:00:00",2951,13.69,0.117,634913,2609
"2024-05-30 09:00:00",2952,14.36,-0.267,634902,2609
"2024-05-30 12:00:00",2953,14.13,1.649,634736,2608
"2024-05-30 15:00:00",2954,13.72,9.95,634493,2607
"2024-05-30 18:00:00",2955,13.3,23.24,633393,2602
"2024-05-30 21:00:00",2956,13.31,23.27,633017,2601
"2024-05-31 00:00:00",2957,13.84,16.66,632961,2600
"2024-05-31 03:00:00",2958,13.9,7.114,632941,2600
"2024-05-31 06:00:00",2959,13.6,3.079,632924,2600
"2024-05-31 09:00:00",2960,13.77,1.99,633032,2601
"2024-05-31 12:00:00",2961,14.12,2.587,632760,2599
"2024-05-31 15:00:00",2962,13.97,4.816,632816,2600
"2024-05-31 18:00:00",2963,13.74,12.35,632385,2598
"2024-05-31 21:00:00",2964,13.79,13.97,632042,2596
"2024-06-01 00:00:00",2965,13.95,9.97,631874,2596
"2024-06-01 03:00:00",2966,13.91,5.182,632134,2597
"2024-06-01 06:00:00",2967,13.65,2.311,631997,2596
"2024-06-01 09:00:00",2968,14.23,1.053,631668,2595
"2024-06-01 12:00:00",2969,14.12,2.033,631668,2595
"2024-06-01 15:00:00",2970,13.86,7.006,631329,2593
"2024-06-01 18:00:00",2971,13.91,10.61,630682,2591
"2024-06-01 21:00:00",2972,14.1,6.287,630636,2590
"2024-06-02 00:00:00",2973,14.31,3.292,630708,2591
"2024-06-02 03:00:00",2974,13.88,1.351,630305,2589
"2024-06-02 06:00:00",2975,13.66,0.671,630400,2589
"2024-06-02 09:00:00",2976,13.54,0.458,630412,2589
"2024-06-02 12:00:00",2977,14.39,0.777,630345,2589
"2024-06-02 15:00:00",2978,14.12,2.736,630197,2588
"2024-06-02 18:00:00",2979,14.02,4.685,630090,2588
"2024-06-02 21:00:00",2980,14.02,6.59,629875,2587
"2024-06-03 00:00:00",2981,14.12,4.342,630090,2588
"2024-06-03 03:00:00",2982,14.01,2.46,629859,2587
"2024-06-03 06:00:00",2983,13.73,0.926,629623,2586
"2024-06-03 09:00:00",2984,14.43,-0.118,629788,2587
"2024-06-03 12:00:00",2985,14.15,1.202,629623,2586
"2024-06-03 15:00:00",2986,13.78,9.75,629002,2583
"2024-06-03 18:00:00",2987,13.54,21.37,627764,2578
"2024-06-03 21:00:00",2988,13.38,24.84,627196,2576
"2024-06-04 00:00:00",2989,13.8,18.71,627084,2575
"2024-06-04 03:00:00",2990,13.86,7.487,627150,2575
"2024-06-04 06:00:00",2991,13.59,2.865,626965,2575
"2024-06-04 09:00:00",2992,14.32,1.523,626896,2574
"2024-06-04 12:00:00",2993,14.08,3.935,626686,2573
"2024-06-04 15:00:00",2994,13.97,7.598,626469,2572
"2024-06-04 18:00:00",2995,13.99,7.794,626128,2571
"2024-06-04 21:00:00",2996,14.06,6.33,625901,2570
"2024-06-05 00:00:00",2997,14.12,5.074,625660,2569
"2024-06-05 03:00:00",2998,13.89,2.865,625425,2568
"2024-06-05 06:00:00",2999,13.66,2.033,625532,2568
"2024-06-05 09:00:00",3000,13.87,1.821,625532,2568
"2024-06-05 12:00:00",3001,14.1,3.827,624980,2566
"2024-06-05 15:00:00",3002,13.73,13.28,624029,2562
"2024-06-05 18:00:00",3003,13.57,21.34,622660,2556
"2024-06-05 21:00:00",3004,13.8,17.59,621980,2553
"2024-06-06 00:00:00",3005,14.08,9.5,621957,2553
"2024-06-06 03:00:00",3006,13.87,5.311,621911,2553
"2024-06-06 06:00:00",3007,13.63,3.228,621676,2552
"2024-06-06 09:00:00",3008,13.69,2.395,621742,2552
"2024-06-06 12:00:00",3009,14.1,3.165,621336,2550
"2024-06-06 15:00:00",3010,13.95,7.29,620678,2548
"2024-06-06 18:00:00",3011,13.95,9.57,620126,2545
"2024-06-06 21:00:00",3012,14.04,7.071,619996,2545
"2024-06-07 00:00:00",3013,14.1,5.311,619866,2544
"2024-06-07 03:00:00",3014,13.88,3.357,619953,2545
"2024-06-07 06:00:00",3015,13.65,2.417,619659,2543
"2024-06-07 09:00:00",3016,13.62,2.695,619291,2542
"2024-06-07 12:00:00",3017,14.18,2.93,618950,2540
"2024-06-07 15:00:00",3018,14.1,3.377,618592,2539
"2024-06-07 18:00:00",3019,14.1,4.107,617822,2535
"2024-06-07 21:00:00",3020,14.11,4.021,617652,2535
"2024-06-08 00:00:00",3021,14.24,3.486,617185,2533
"2024-06-08 03:00:00",3022,13.92,2.352,617272,2533
"2024-06-08 06:00:00",3023,13.69,1.861,617010,2532
"2024-06-08 09:00:00",3024,13.82,1.565,616669,2530
"2024-06-08 12:00:00",3025,14.17,1.841,616669,2530
"2024-06-08 15:00:00",3026,14.1,3.526,615808,2527
"2024-06-08 18:00:00",3027,14.06,4.536,615096,2524
"2024-06-08 21:00:00",3028,14.11,4.408,614755,2522
"2024-06-09 00:00:00",3029,14.21,3.506,614432,2521
"2024-06-09 03:00:00",3030,13.87,2.011,614615,2522
"2024-06-09 06:00:00",3031,13.66,1.672,614624,2522
"2024-06-09 09:00:00",3032,13.7,1.565,613942,2519
"2024-06-09 12:00:00",3033,14.15,2.076,613600,2517
"2024-06-09 15:00:00",3034,14.08,3.314,613155,2515
"2024-06-09 18:00:00",3035,14.05,5.397,612370,2512
"2024-06-09 21:00:00",3036,14.06,5.917,611681,2509
"2024-06-10 00:00:00",3037,14.04,6.351,611156,2507
"2024-06-10 03:00:00",3038,13.99,3.827,610666,2505
"2024-06-10 06:00:00",3039,13.7,3.549,609652,2500
"2024-06-10 09:00:00",3040,13.82,3.956,608962,2497
"2024-06-10 12:00:00",3041,14.17,4.665,608281,2494
"2024-06-10 15:00:00",3042,14.08,5.311,607258,2490
"2024-06-10 18:00:00",3043,14.08,5.831,606565,2487
"2024-06-10 21:00:00",3044,14.06,5.939,606556,2487
"2024-06-11 00:00:00",3045,14.26,5.548,606065,2485
"2024-06-11 03:00:00",3046,13.85,4.88,604872,2480
"2024-06-11 06:00:00",3047,13.62,4.837,602828,2471
"2024-06-11 09:00:00",3048,13.52,4.728,601465,2465
"2024-06-11 12:00:00",3049,14.12,4.945,599420,2456
"2024-06-11 15:00:00",3050,14.06,5.591,598053,2451
"2024-06-11 18:00:00",3051,13.95,7.071,596491,2444
"2024-06-11 21:00:00",3052,13.75,11.75,594926,2437
"2024-06-12 00:00:00",3053,13.79,13.92,594046,2433
"2024-06-12 03:00:00",3054,13.81,5.982,593932,2433
"2024-06-12 06:00:00",3055,13.57,3.506,593876,2433
"2024-06-12 09:00:00",3056,13.72,2.48,593392,2431
"2024-06-12 12:00:00",3057,14.09,3.314,593387,2431
"2024-06-12 15:00:00",3058,13.97,6.005,593241,2430
"2024-06-12 18:00:00",3059,13.95,7.729,593084,2429
"2024-06-12 21:00:00",3060,14.01,7.97,591721,2423
"2024-06-13 00:00:00",3061,14,6.897,591381,2422
"2024-06-13 03:00:00",3062,13.98,3.334,591292,2422
"2024-06-13 06:00:00",3063,13.7,0.415,591196,2421
"2024-06-13 09:00:00",3064,14.49,-0.436,591078,2421
"2024-06-13 12:00:00",3065,14.02,4.794,591242,2421
"2024-06-13 15:00:00",3066,13.53,15.97,590538,2418
"2024-06-13 18:00:00",3067,13.29,21.34,589647,2414
"2024-06-13 21:00:00",3068,13.29,20.37,589145,2412
"2024-06-14 00:00:00",3069,13.79,14.64,589276,2413
"2024-06-14 03:00:00",3070,13.86,8.15,588996,2412
"2024-06-14 06:00:00",3071,13.57,4.064,589197,2413
"2024-06-14 09:00:00",3072,14.35,3.228,589297,2413
"2024-06-14 12:00:00",3073,13.99,6.57,589006,2412
"2024-06-14 15:00:00",3074,13.74,10.74,588966,2412
"2024-06-14 18:00:00",3075,13.58,13.47,588947,2411
"2024-06-14 21:00:00",3076,13.62,13.21,588945,2411
"2024-06-15 00:00:00",3077,13.8,11.59,589136,2412
"2024-06-15 03:00:00",3078,13.91,6.482,589008,2412
"2024-06-15 06:00:00",3079,13.61,4.385,589197,2413
"2024-06-15 09:00:00",3080,14.32,4.859,589197,2413
"2024-06-15 12:00:00",3081,13.93,7.729,588996,2412
"2024-06-15 15:00:00",3082,13.79,12.21,589100,2412
"2024-06-15 18:00:00",3083,13.64,14.73,588936,2411
"2024-06-15 21:00:00",3084,13.57,15.17,588936,2411
"2024-06-16 00:00:00",3085,13.72,14.52,588936,2411
"2024-06-16 03:00:00",3086,13.97,7.311,588996,2412
"2024-06-16 06:00:00",3087,13.66,3.357,588955,2412
"2024-06-16 09:00:00",3088,14.31,2.288,589028,2412
"2024-06-16 12:00:00",3089,13.91,8.28,588996,2412
"2024-06-16 15:00:00",3090,13.69,14.42,588936,2411
"2024-06-16 18:00:00",3091,13.56,19.78,588975,2412
"2024-06-16 21:00:00",3092,13.84,13.3,588954,2412
"2024-06-17 00:00:00",3093,14.13,9.3,588900,2411
"2024-06-17 03:00:00",3094,13.79,6.656,588999,2412
"2024-06-17 06:00:00",3095,13.57,6.504,589000,2412
"2024-06-17 09:00:00",3096,13.76,6.396,589011,2412
"2024-06-17 12:00:00",3097,14.01,6.875,588996,2412
"2024-06-17 15:00:00",3098,14.02,7.29,588996,2412
"2024-06-17 18:00:00",3099,13.97,7.862,588996,2412
"2024-06-17 21:00:00",3100,13.95,7.532,588996,2412
"2024-06-18 00:00:00",3101,14.15,5.917,589191,2413
"2024-06-18 03:00:00",3102,13.93,2.907,588956,2412
"2024-06-18 06:00:00",3103,13.68,1.672,589057,2412
"2024-06-18 09:00:00",3104,14.32,1.224,588886,2411
"2024-06-18 12:00:00",3105,14,4.493,589027,2412
"2024-06-18 15:00:00",3106,13.69,13.23,588942,2411
"2024-06-18 18:00:00",3107,13.44,18.58,588975,2412
"2024-06-18 21:00:00",3108,13.38,18.2,588975,2412
"2024-06-19 00:00:00",3109,13.51,15.95,588835,2411
"2024-06-19 03:00:00",3110,14,7.839,588996,2412
"2024-06-19 06:00:00",3111,13.66,3.764,588881,2411
"2024-06-19 09:00:00",3112,14.24,2.609,588967,2412
"2024-06-19 12:00:00",3113,13.83,9.03,588996,2412
"2024-06-19 15:00:00",3114,13.6,17.66,588978,2412
"2024-06-19 18:00:00",3115,13.4,21.89,588854,2411
"2024-06-19 21:00:00",3116,14.02,13.35,588952,2412
"2024-06-20 00:00:00",3117,14.13,6.416,589148,2412
"2024-06-20 03:00:00",3118,14,3.935,588856,2411
"2024-06-20 06:00:00",3119,13.71,2.374,589019,2412
"2024-06-20 09:00:00",3120,14.27,1.565,588716,2410
"2024-06-20 12:00:00",3121,13.97,5.874,589197,2413
"2024-06-20 15:00:00",3122,13.68,15.51,588889,2411
"2024-06-20 18:00:00",3123,13.67,17.64,588975,2412
"2024-06-20 21:00:00",3124,13.82,14.95,588934,2411
"2024-06-21 00:00:00",3125,14.25,7.575,588996,2412
"2024-06-21 03:00:00",3126,13.91,3.913,588856,2411
"2024-06-21 06:00:00",3127,13.66,2.907,588956,2412
"2024-06-21 09:00:00",3128,13.9,3.228,588956,2412
"2024-06-21 12:00:00",3129,14.02,4.859,589027,2412
"2024-06-21 15:00:00",3130,13.93,7.114,588996,2412
"2024-06-21 18:00:00",3131,13.78,9.57,588796,2411
"2024-06-21 21:00:00",3132,13.55,15.97,589176,2412
"2024-06-22 00:00:00",3133,13.88,11.11,588796,2411
"2024-06-22 03:00:00",3134,13.94,5.182,589026,2412
"2024-06-22 06:00:00",3135,13.67,2.544,588984,2412
"2024-06-22 09:00:00",3136,14.27,1.755,588716,2410
"2024-06-22 12:00:00",3137,13.95,5.225,589027,2412
"2024-06-22 15:00:00",3138,13.8,8.63,588996,2412
"2024-06-22 18:00:00",3139,13.72,11.38,588796,2411
"2024-06-22 21:00:00",3140,13.67,12.53,589024,2412
"2024-06-23 00:00:00",3141,13.96,8.61,588996,2412
"2024-06-23 03:00:00",3142,13.97,4.622,588856,2411
"2024-06-23 06:00:00",3143,13.69,2.736,588956,2412
"2024-06-23 09:00:00",3144,13.98,1.97,588886,2411
"2024-06-23 12:00:00",3145,14.02,3.678,588876,2411
"2024-06-23 15:00:00",3146,13.6,11.4,588796,2411
"2024-06-23 18:00:00",3147,13.4,21.21,588975,2412
"2024-06-23 21:00:00",3148,13.64,18.33,588975,2412
"2024-06-24 00:00:00",3149,14.08,9.5,588830,2411
"2024-06-24 03:00:00",3150,13.92,4.451,588856,2411
"2024-06-24 06:00:00",3151,13.66,2.331,589043,2412
"2024-06-24 09:00:00",3152,13.91,1.629,588886,2411
"2024-06-24 12:00:00",3153,14.08,2.779,588958,2412
"2024-06-24 15:00:00",3154,13.6,10.58,588796,2411
"2024-06-24 18:00:00",3155,13.1,22.5,588885,2411
"2024-06-24 21:00:00",3156,13.36,22.17,588851,2411
"2024-06-25 00:00:00",3157,13.91,12.93,588859,2411
"2024-06-25 03:00:00",3158,13.93,6.113,589023,2412
"2024-06-25 06:00:00",3159,13.64,2.971,588956,2412
"2024-06-25 09:00:00",3160,14.42,1.457,588716,2410
"2024-06-25 12:00:00",3161,13.88,5.42,588856,2411
"2024-06-25 15:00:00",3162,13.42,18.69,588639,2410
"2024-06-25 18:00:00",3163,13.18,25.58,588740,2411
"2024-06-25 21:00:00",3164,13.53,19.78,588975,2412
"2024-06-26 00:00:00",3165,13.64,15.24,588936,2411
"2024-06-26 03:00:00",3166,13.94,6.156,589022,2412
"2024-06-26 06:00:00",3167,13.63,2.48,588850,2411
"2024-06-26 09:00:00",3168,14.36,1.33,588716,2410
"2024-06-26 12:00:00",3169,13.91,6.177,589197,2413
"2024-06-26 15:00:00",3170,13.48,16.24,588896,2411
"2024-06-26 18:00:00",3171,13.27,23.15,588775,2411
"2024-06-26 21:00:00",3172,13.76,18.46,588635,2410
"2024-06-27 00:00:00",3173,14.18,9.21,588967,2412
"2024-06-27 03:00:00",3174,13.83,4.579,588856,2411
"2024-06-27 06:00:00",3175,13.6,2.971,588786,2411
"2024-06-27 09:00:00",3176,14.27,1.798,588716,2410
"2024-06-27 12:00:00",3177,13.97,4.685,588856,2411
"2024-06-27 15:00:00",3178,13.66,12.51,588776,2411
"2024-06-27 18:00:00",3179,13.23,24.16,588775,2411
"2024-06-27 21:00:00",3180,13.44,21.12,588975,2412
"2024-06-28 00:00:00",3181,13.93,12.93,588680,2410
"2024-06-28 03:00:00",3182,13.91,6.265,589003,2412
"2024-06-28 06:00:00",3183,13.63,3.526,588956,2412
"2024-06-28 09:00:00",3184,13.87,2.907,588956,2412
"2024-06-28 12:00:00",3185,14.06,3.784,588868,2411
"2024-06-28 15:00:00",3186,13.93,7.049,588996,2412
"2024-06-28 18:00:00",3187,13.99,7.487,588996,2412
"2024-06-28 21:00:00",3188,13.97,8.35,588996,2412
"2024-06-29 00:00:00",3189,13.93,9.21,588831,2411
"2024-06-29 03:00:00",3190,13.88,6.809,588826,2411
"2024-06-29 06:00:00",3191,13.63,4.213,588856,2411
"2024-06-29 09:00:00",3192,13.83,3.206,588952,2412
"2024-06-29 12:00:00",3193,14.09,3.271,588956,2412
"2024-06-29 15:00:00",3194,13.86,8.77,588996,2412
"2024-06-29 18:00:00",3195,13.49,16.36,588837,2411
"2024-06-29 21:00:00",3196,13.42,19.65,588975,2412
"2024-06-30 00:00:00",3197,14,11.86,588786,2411
"2024-06-30 03:00:00",3198,13.91,5.743,588856,2411
"2024-06-30 06:00:00",3199,13.65,3.142,588786,2411
"2024-06-30 09:00:00",3200,14.41,1.649,588716,2410
"2024-06-30 12:00:00",3201,14.07,4.042,588863,2411
"2024-06-30 15:00:00",3202,13.59,16.76,588805,2411
"2024-06-30 18:00:00",3203,13.16,27.56,588915,2411
"2024-06-30 21:00:00",3204,13.32,27.47,588915,2411
"2024-07-01 00:00:00",3205,13.64,21.02,588974,2412
"2024-07-01 03:00:00",3206,13.93,8.35,588996,2412
"2024-07-01 06:00:00",3207,13.63,2.801,588616,2410
"2024-07-01 09:00:00",3208,14.4,0.946,588803,2411
"2024-07-01 12:00:00",3209,13.99,6.199,588848,2411
"2024-07-01 15:00:00",3210,13.62,17.26,588750,2411
"2024-07-01 18:00:00",3211,13.44,24.01,588775,2411
"2024-07-01 21:00:00",3212,13.05,29.12,588915,2411
"2024-07-02 00:00:00",3213,13.67,20.02,588805,2411
"2024-07-02 03:00:00",3214,13.92,8.19,588996,2412
"2024-07-02 06:00:00",3215,13.62,3.122,588616,2410
"2024-07-02 09:00:00",3216,13.99,2.053,588716,2410
"2024-07-02 12:00:00",3217,14.08,3.463,588957,2412
"2024-07-02 15:00:00",3218,13.88,7.202,588997,2412
"2024-07-02 18:00:00",3219,13.82,11.47,588796,2411
"2024-07-02 21:00:00",3220,13.91,10.34,588796,2411
"2024-07-03 00:00:00",3221,14.06,7.268,588996,2412
"2024-07-03 03:00:00",3222,13.97,3.592,588902,2411
"2024-07-03 06:00:00",3223,13.7,1.606,588716,2410
"2024-07-03 09:00:00",3224,14.35,1.096,588729,2411
"2024-07-03 12:00:00",3225,14.02,4.557,588856,2411
"2024-07-03 15:00:00",3226,13.69,15.43,588936,2411
"2024-07-03 18:00:00",3227,13.36,26.1,588766,2411
"2024-07-03 21:00:00",3228,13.12,30.09,588915,2411
"2024-07-04 00:00:00",3229,13.75,21.95,588941,2411
"2024-07-04 03:00:00",3230,13.92,8.21,588996,2412
"2024-07-04 06:00:00",3231,13.62,3.655,588615,2410
"2024-07-04 09:00:00",3232,14.06,2.182,588714,2410
"2024-07-04 12:00:00",3233,14.11,5.463,588856,2411
"2024-07-04 15:00:00",3234,13.78,13.75,588603,2410
"2024-07-04 18:00:00",3235,13.55,21.89,588974,2412
"2024-07-04 21:00:00",3236,13.57,24.19,588769,2411
"2024-07-05 00:00:00",3237,13.72,23.35,588775,2411
"2024-07-05 03:00:00",3238,13.93,8.83,588996,2412
"2024-07-05 06:00:00",3239,13.62,3.655,588785,2411
"2024-07-05 09:00:00",3240,14,2.993,588616,2410
"2024-07-05 12:00:00",3241,14.06,4.536,588856,2411
"2024-07-05 15:00:00",3242,13.86,9.84,588800,2411
"2024-07-05 18:00:00",3243,13.97,9.03,588985,2412
"2024-07-05 21:00:00",3244,14.07,6.983,588826,2411
"2024-07-06 00:00:00",3245,14.26,4.708,588856,2411
"2024-07-06 03:00:00",3246,13.87,3.721,588886,2411
"2024-07-06 06:00:00",3247,13.64,3.314,588616,2410
"2024-07-06 09:00:00",3248,13.62,3.314,588616,2410
"2024-07-06 12:00:00",3249,14.13,3.271,588616,2410
"2024-07-06 15:00:00",3250,14.04,4.685,588856,2411
"2024-07-06 18:00:00",3251,14.06,5.614,588856,2411
"2024-07-06 21:00:00",3252,13.93,6.57,588658,2410
"2024-07-07 00:00:00",3253,14.06,6.091,588783,2411
"2024-07-07 03:00:00",3254,13.96,3.956,588856,2411
"2024-07-07 06:00:00",3255,13.69,2.438,588627,2410
"2024-07-07 09:00:00",3256,14.12,1.884,588716,2410
"2024-07-07 12:00:00",3257,14.12,3.271,588786,2411
"2024-07-07 15:00:00",3258,13.8,11.04,588796,2411
"2024-07-07 18:00:00",3259,13.79,14.78,588936,2411
"2024-07-07 21:00:00",3260,13.96,10.97,588796,2411
"2024-07-08 00:00:00",3261,14.12,6.701,588655,2410
"2024-07-08 03:00:00",3262,13.89,3.612,588583,2410
"2024-07-08 06:00:00",3263,13.65,2.736,588616,2410
"2024-07-08 09:00:00",3264,13.98,2.288,588680,2410
"2024-07-08 12:00:00",3265,14.11,2.971,588616,2410
"2024-07-08 15:00:00",3266,14.02,4.816,588856,2411
"2024-07-08 18:00:00",3267,13.75,10.54,588796,2411
"2024-07-08 21:00:00",3268,14.04,7.686,588655,2410
"2024-07-09 00:00:00",3269,14.19,5.334,588856,2411
"2024-07-09 03:00:00",3270,13.93,3.463,588579,2410
"2024-07-09 06:00:00",3271,13.69,3.206,588616,2410
"2024-07-09 09:00:00",3272,13.7,2.801,588616,2410
"2024-07-09 12:00:00",3273,14.08,3.292,588616,2410
"2024-07-09 15:00:00",3274,14.02,5.16,588856,2411
"2024-07-09 18:00:00",3275,14.02,5.657,588856,2411
"2024-07-09 21:00:00",3276,14.06,5.117,588856,2411
"2024-07-10 00:00:00",3277,14.1,4.322,588686,2410
"2024-07-10 03:00:00",3278,13.94,2.993,588616,2410
"2024-07-10 06:00:00",3279,13.7,2.352,588630,2410
"2024-07-10 09:00:00",3280,14.32,1.927,588715,2410
"2024-07-10 12:00:00",3281,14.1,2.865,588616,2410
"2024-07-10 15:00:00",3282,13.99,4.771,588686,2410
"2024-07-10 18:00:00",3283,13.62,12.56,588747,2411
"2024-07-10 21:00:00",3284,13.24,18.38,588636,2410
"2024-07-11 00:00:00",3285,13.91,13.28,588605,2410
"2024-07-11 03:00:00",3286,14,5.571,588856,2411
"2024-07-11 06:00:00",3287,13.69,2.695,588616,2410
"2024-07-11 09:00:00",3288,14.36,1.629,588716,2410
"2024-07-11 12:00:00",3289,14.06,4.408,588516,2410
"2024-07-11 15:00:00",3290,13.69,13.64,588609,2410
"2024-07-11 18:00:00",3291,13.48,20.64,588635,2410
"2024-07-11 21:00:00",3292,13.16,27.59,588745,2411
"2024-07-12 00:00:00",3293,13.65,24.84,588594,2410
"2024-07-12 03:00:00",3294,13.86,9.44,588591,2410
"2024-07-12 06:00:00",3295,13.58,3.892,591658,2423
"2024-07-12 09:00:00",3296,13.75,2.352,591784,2424
"2024-07-12 12:00:00",3297,14.06,4.279,591583,2423
"2024-07-12 15:00:00",3298,13.68,12.44,590839,2420
"2024-07-12 18:00:00",3299,13.73,16.54,591361,2422
"2024-07-12 21:00:00",3300,14.09,9.44,591526,2423
"2024-07-13 00:00:00",3301,14.27,5.463,591582,2423
"2024-07-13 03:00:00",3302,13.88,3.165,591683,2423
"2024-07-13 06:00:00",3303,13.65,2.374,591400,2422
"2024-07-13 09:00:00",3304,13.74,2.566,591684,2423
"2024-07-13 12:00:00",3305,14.11,3.036,591683,2423
"2024-07-13 15:00:00",3306,13.91,7.399,591722,2423
"2024-07-13 18:00:00",3307,13.99,9.88,591690,2423
"2024-07-13 21:00:00",3308,14,8.21,591721,2423
"2024-07-14 00:00:00",3309,14.06,6.547,591394,2422
"2024-07-14 03:00:00",3310,13.95,3.741,591582,2423
"2024-07-14 06:00:00",3311,13.68,1.904,591442,2422
"2024-07-14 09:00:00",3312,13.87,1.288,591443,2422
"2024-07-14 12:00:00",3313,14.13,3.913,591583,2423
"2024-07-14 15:00:00",3314,13.77,12.56,591009,2420
"2024-07-14 18:00:00",3315,13.33,24.19,588775,2411
"2024-07-14 21:00:00",3316,13.03,29.55,588915,2411
"2024-07-15 00:00:00",3317,13.82,22.9,588775,2411
"2024-07-15 03:00:00",3318,13.78,8.72,588996,2412
"2024-07-15 06:00:00",3319,13.53,4.213,588533,2410
"2024-07-15 09:00:00",3320,13.87,2.544,588681,2410
"2024-07-15 12:00:00",3321,14.06,4.816,588516,2410
"2024-07-15 15:00:00",3322,13.77,13.64,588619,2410
"2024-07-15 18:00:00",3323,13.36,25.4,588772,2411
"2024-07-15 21:00:00",3324,13.14,31.37,588774,2411
"2024-07-16 00:00:00",3325,13.91,17.62,588648,2410
"2024-07-16 03:00:00",3326,13.83,7.225,588655,2410
"2024-07-16 06:00:00",3327,13.57,2.736,588657,2410
"2024-07-16 09:00:00",3328,13.78,0.989,588793,2411
"2024-07-16 12:00:00",3329,14.15,3.249,588616,2410
"2024-07-16 15:00:00",3330,13.79,11.02,588455,2409
"2024-07-16 18:00:00",3331,13.4,22.06,588635,2410
"2024-07-16 21:00:00",3332,13.82,14.44,588438,2409
"2024-07-17 00:00:00",3333,13.92,14.59,588425,2409
"2024-07-17 03:00:00",3334,13.89,5.42,588515,2410
"2024-07-17 06:00:00",3335,13.62,2.566,588502,2410
"2024-07-17 09:00:00",3336,13.83,1.904,588546,2410
"2024-07-17 12:00:00",3337,14.09,3.764,588378,2409
"2024-07-17 15:00:00",3338,13.78,10.31,588460,2409
"2024-07-17 18:00:00",3339,13.58,18.35,588635,2410
"2024-07-17 21:00:00",3340,13.85,14.73,588595,2410
"2024-07-18 00:00:00",3341,13.97,10.13,588455,2409
"2024-07-18 03:00:00",3342,13.89,4.816,588515,2410
"2024-07-18 06:00:00",3343,13.63,2.652,588629,2410
"2024-07-18 09:00:00",3344,13.61,2.395,588500,2410
"2024-07-18 12:00:00",3345,14.07,4.385,588516,2410
"2024-07-18 15:00:00",3346,13.95,6.439,588469,2409
"2024-07-18 18:00:00",3347,13.83,12.12,588623,2410
"2024-07-18 21:00:00",3348,13.75,12.46,588624,2410
"2024-07-19 00:00:00",3349,13.98,10.4,588455,2409
"2024-07-19 03:00:00",3350,13.9,4.622,588345,2409
"2024-07-19 06:00:00",3351,13.65,2.374,588505,2410
"2024-07-19 09:00:00",3352,13.83,1.692,588546,2410
"2024-07-19 12:00:00",3353,14.11,4.213,588345,2409
"2024-07-19 15:00:00",3354,13.84,9.77,588537,2410
"2024-07-19 18:00:00",3355,13.56,18.1,588466,2409
"2024-07-19 21:00:00",3356,13.64,17.11,588673,2410
"2024-07-20 00:00:00",3357,13.93,14.8,588930,2411
"2024-07-20 03:00:00",3358,13.86,7.378,588655,2410
"2024-07-20 06:00:00",3359,13.6,4.794,588345,2409
"2024-07-20 09:00:00",3360,13.7,4.536,588345,2409
"2024-07-20 12:00:00",3361,14.04,5.788,588345,2409
"2024-07-20 15:00:00",3362,13.99,7.575,588315,2409
"2024-07-20 18:00:00",3363,13.71,11.02,588455,2409
"2024-07-20 21:00:00",3364,13.71,15.17,588925,2411
"2024-07-21 00:00:00",3365,13.98,11.47,588966,2412
"2024-07-21 03:00:00",3366,13.86,5.14,588856,2411
"2024-07-21 06:00:00",3367,13.62,2.672,588786,2411
"2024-07-21 09:00:00",3368,13.69,1.288,588716,2410
"2024-07-21 12:00:00",3369,14.15,2.076,588700,2410
"2024-07-21 15:00:00",3370,13.84,8.02,589678,2415
"2024-07-21 18:00:00",3371,13.29,20.31,589316,2413
"2024-07-21 21:00:00",3372,13.03,28.3,588915,2411
"2024-07-22 00:00:00",3373,13.86,21.72,589208,2413
"2024-07-22 03:00:00",3374,13.78,8.39,589337,2413
"2024-07-22 06:00:00",3375,13.53,3.655,589297,2413
"2024-07-22 09:00:00",3376,13.71,2.566,589331,2413
"2024-07-22 12:00:00",3377,14.11,2.865,589298,2413
"2024-07-22 15:00:00",3378,13.89,7.532,589507,2414
"2024-07-22 18:00:00",3379,13.66,13.99,589289,2413
"2024-07-22 21:00:00",3380,13.74,13.3,589294,2413
"2024-07-23 00:00:00",3381,13.95,10.54,589477,2414
"2024-07-23 03:00:00",3382,13.87,5.009,589367,2413
"2024-07-23 06:00:00",3383,13.63,3.122,589297,2413
"2024-07-23 09:00:00",3384,13.55,2.438,589327,2413
"2024-07-23 12:00:00",3385,14.09,3.377,589298,2413
"2024-07-23 15:00:00",3386,14.02,4.751,589197,2413
"2024-07-23 18:00:00",3387,13.91,7.97,589337,2413
"2024-07-23 21:00:00",3388,14.04,7.202,589337,2413
"2024-07-24 00:00:00",3389,14.14,5.246,589538,2414
"2024-07-24 03:00:00",3390,13.92,3.014,589297,2413
"2024-07-24 06:00:00",3391,13.68,2.053,589397,2413
"2024-07-24 09:00:00",3392,13.66,1.692,589398,2413
"2024-07-24 12:00:00",3393,14.09,2.715,589298,2413
"2024-07-24 15:00:00",3394,13.84,7.356,589337,2413
"2024-07-24 18:00:00",3395,13.66,14.25,589287,2413
"2024-07-24 21:00:00",3396,13.75,15.31,589616,2414
"2024-07-25 00:00:00",3397,14.11,9.91,589477,2414
"2024-07-25 03:00:00",3398,13.83,4.923,589708,2415
"2024-07-25 06:00:00",3399,13.61,2.715,589299,2413
"2024-07-25 09:00:00",3400,13.57,1.543,589398,2413
"2024-07-25 12:00:00",3401,14.09,2.758,589303,2413
"2024-07-25 15:00:00",3402,13.84,9.39,589590,2414
"2024-07-25 18:00:00",3403,13.86,12,589476,2414
"2024-07-25 21:00:00",3404,14.06,8.21,589677,2415
"2024-07-26 00:00:00",3405,14.18,5.548,589538,2414
"2024-07-26 03:00:00",3406,13.86,3.956,589538,2414
"2024-07-26 06:00:00",3407,13.64,2.971,589297,2413
"2024-07-26 09:00:00",3408,13.47,2.844,589297,2413
"2024-07-26 12:00:00",3409,13.73,3.334,589616,2414
"2024-07-26 15:00:00",3410,14.25,4.299,589879,2415
"2024-07-26 18:00:00",3411,14.15,8.21,589675,2415
"2024-07-26 21:00:00",3412,14.1,8.33,589674,2415
"2024-07-27 00:00:00",3413,14.06,11.86,44269,74
"2024-07-27 03:00:00",3414,13.78,9.82,82751,239
"2024-07-27 06:00:00",3415,13.55,8.23,95895,296
"2024-07-27 09:00:00",3416,13.41,7.464,89763,270
"2024-07-27 12:00:00",3417,14.1,6.635,1798500,7602
"2024-07-27 15:00:00",3418,14.05,7.137,1797479,7597
